{"type":"FeatureCollection","features":[{"type":"Feature","geometry":{"type":"Point","coordinates":[106.46857524500007,-6.951224707999927]},"properties":{"FID":0,"NAMOBJ":" ","LUAS":0,"FGSIBD":1,"FCODE":" ","REMARK":"Masjid","SRS_ID":" ","LCODE":"GF0020","METADATA":" ","KATPDK":0,"JLPDDK":0,"FGGPDK":0,"JJGPDF":0,"JNSPDL":0,"FGSGOV":0,"Skor_Risk":1,"banjir":0.0,"banjir_bandang":0.0,"gempabumi":0.0,"gunungapi":0.0,"tanahlongsor":0.0,"tsunami":0.0,"risk":3.0,"elev_m":70.77606964111328}},{"type":"Feature","geometry":{"type":"Point","coordinates":[106.46362843800006,-6.899117984999975]},"properties":{"FID":1,"NAMOBJ":" ","LUAS":0,"FGSIBD":1,"FCODE":" ","REMARK":"Masjid","SRS_ID":" ","LCODE":"GF0020","METADATA":" ","KATPDK":0,"JLPDDK":0,"FGGPDK":0,"JJGPDF":0,"JNSPDL":0,"FGSGOV":0,"Skor_Risk":2,"banjir":0.0,"banjir_bandang":0.0,"gempabumi":3.0,"gunungapi":0.0,"tanahlongsor":0.0,"tsunami":0.0,"risk":3.0,"elev_m":421.0458068847656}},{"type":"Feature","geometry":{"type":"Point","coordinates":[106.42800910200003,-6.894476569999938]},"properties":{"FID":2,"NAMOBJ":" ","LUAS":0,"FGSIBD":1,"FCODE":" ","REMARK":"Masjid","SRS_ID":" ","LCODE":"GF0020","METADATA":" ","KATPDK":0,"JLPDDK":0,"FGGPDK":0,"JJGPDF":0,"JNSPDL":0,"FGSGOV":0,"Skor_Risk":2,"banjir":0.0,"banjir_bandang":0.0,"gempabumi":2.0,"gunungapi":0.0,"tanahlongsor":3.0,"tsunami":0.0,"risk":3.0,"elev_m":623.1468505859375}},{"type":"Feature","geometry":{"type":"Point","coordinates":[106.46462645300005,-6.894141661999981]},"properties":{"FID":3,"NAMOBJ":" ","LUAS":0,"FGSIBD":1,"FCODE":" ","REMARK":"Masjid","SRS_ID":" ","LCODE":"GF0020","METADATA":" ","KATPDK":0,"JLPDDK":0,"FGGPDK":0,"JJGPDF":0,"JNSPDL":0,"FGSGOV":0,"Skor_Risk":2,"banjir":0.0,"banjir_bandang":0.0,"gempabumi":3.0,"gunungapi":0.0,"tanahlongsor":0.0,"tsunami":0.0,"risk":3.0,"elev_m":438.48907470703125}},{"type":"Feature","geometry":{"type":"Point","coordinates":[106.46621661900008,-6.900557840999966]},"properties":{"FID":4,"NAMOBJ":" ","LUAS":0,"FGSIBD":1,"FCODE":" ","REMARK":"Masjid","SRS_ID":" ","LCODE":"GF0020","METADATA":" ","KATPDK":0,"JLPDDK":0,"FGGPDK":0,"JJGPDF":0,"JNSPDL":0,"FGSGOV":0,"Skor_Risk":1,"banjir":0.0,"banjir_bandang":0.0,"gempabumi":3.0,"gunungapi":0.0,"tanahlongsor":0.0,"tsunami":0.0,"risk":3.0,"elev_m":393.566162109375}},{"type":"Feature","geometry":{"type":"Point","coordinates":[106.39917653000003,-6.90598586699997]},"properties":{"FID":5,"NAMOBJ":" ","LUAS":0,"FGSIBD":1,"FCODE":" ","REMARK":"Masjid","SRS_ID":" ","LCODE":"GF0020","METADATA":" ","KATPDK":0,"JLPDDK":0,"FGGPDK":0,"JJGPDF":0,"JNSPDL":0,"FGSGOV":0,"Skor_Risk":2,"banjir":0.0,"banjir_bandang":0.0,"gempabumi":3.0,"gunungapi":0.0,"tanahlongsor":3.0,"tsunami":0.0,"risk":3.0,"elev_m":212.29791259765625}},{"type":"Feature","geometry":{"type":"Point","coordinates":[106.39981474200005,-6.911111035999966]},"properties":{"FID":6,"NAMOBJ":" ","LUAS":0,"FGSIBD":1,"FCODE":" ","REMARK":"Masjid","SRS_ID":" ","LCODE":"GF0020","METADATA":" ","KATPDK":0,"JLPDDK":0,"FGGPDK":0,"JJGPDF":0,"JNSPDL":0,"FGSGOV":0,"Skor_Risk":2,"banjir":0.0,"banjir_bandang":0.0,"gempabumi":2.0,"gunungapi":0.0,"tanahlongsor":3.0,"tsunami":0.0,"risk":3.0,"elev_m":185.6396942138672}},{"type":"Feature","geometry":{"type":"Point","coordinates":[106.43954940500004,-6.910594448999973]},"properties":{"FID":7,"NAMOBJ":" ","LUAS":0,"FGSIBD":1,"FCODE":" ","REMARK":"Masjid","SRS_ID":" ","LCODE":"GF0020","METADATA":" ","KATPDK":0,"JLPDDK":0,"FGGPDK":0,"JJGPDF":0,"JNSPDL":0,"FGSGOV":0,"Skor_Risk":2,"banjir":0.0,"banjir_bandang":0.0,"gempabumi":0.0,"gunungapi":0.0,"tanahlongsor":0.0,"tsunami":0.0,"risk":1.0,"elev_m":483.77557373046875}},{"type":"Feature","geometry":{"type":"Point","coordinates":[106.46358916800006,-6.913482912999939]},"properties":{"FID":8,"NAMOBJ":" ","LUAS":0,"FGSIBD":1,"FCODE":" ","REMARK":"Masjid","SRS_ID":" ","LCODE":"GF0020","METADATA":" ","KATPDK":0,"JLPDDK":0,"FGGPDK":0,"JJGPDF":0,"JNSPDL":0,"FGSGOV":0,"Skor_Risk":1,"banjir":0.0,"banjir_bandang":0.0,"gempabumi":0.0,"gunungapi":0.0,"tanahlongsor":0.0,"tsunami":0.0,"risk":2.0,"elev_m":256.4578552246094}},{"type":"Feature","geometry":{"type":"Point","coordinates":[106.49291587700009,-6.909136061999959]},"properties":{"FID":9,"NAMOBJ":" ","LUAS":0,"FGSIBD":1,"FCODE":" ","REMARK":"Masjid","SRS_ID":" ","LCODE":"GF0020","METADATA":" ","KATPDK":0,"JLPDDK":0,"FGGPDK":0,"JJGPDF":0,"JNSPDL":0,"FGSGOV":0,"Skor_Risk":2,"banjir":0.0,"banjir_bandang":0.0,"gempabumi":3.0,"gunungapi":0.0,"tanahlongsor":0.0,"tsunami":0.0,"risk":3.0,"elev_m":271.6988525390625}},{"type":"Feature","geometry":{"type":"Point","coordinates":[106.46631678200004,-6.9168841329999395]},"properties":{"FID":10,"NAMOBJ":" ","LUAS":0,"FGSIBD":1,"FCODE":" ","REMARK":"Masjid","SRS_ID":" ","LCODE":"GF0020","METADATA":" ","KATPDK":0,"JLPDDK":0,"FGGPDK":0,"JJGPDF":0,"JNSPDL":0,"FGSGOV":0,"Skor_Risk":2,"banjir":0.0,"banjir_bandang":0.0,"gempabumi":0.0,"gunungapi":0.0,"tanahlongsor":0.0,"tsunami":0.0,"risk":3.0,"elev_m":235.10498046875}},{"type":"Feature","geometry":{"type":"Point","coordinates":[106.40017395000007,-6.918130066999936]},"properties":{"FID":11,"NAMOBJ":" ","LUAS":0,"FGSIBD":1,"FCODE":" ","REMARK":"Masjid","SRS_ID":" ","LCODE":"GF0020","METADATA":" ","KATPDK":0,"JLPDDK":0,"FGGPDK":0,"JJGPDF":0,"JNSPDL":0,"FGSGOV":0,"Skor_Risk":2,"banjir":0.0,"banjir_bandang":0.0,"gempabumi":2.0,"gunungapi":0.0,"tanahlongsor":3.0,"tsunami":0.0,"risk":3.0,"elev_m":126.74966430664062}},{"type":"Feature","geometry":{"type":"Point","coordinates":[106.49076517500004,-6.927766045999931]},"properties":{"FID":12,"NAMOBJ":" ","LUAS":0,"FGSIBD":1,"FCODE":" ","REMARK":"Masjid","SRS_ID":" ","LCODE":"GF0020","METADATA":" ","KATPDK":0,"JLPDDK":0,"FGGPDK":0,"JJGPDF":0,"JNSPDL":0,"FGSGOV":0,"Skor_Risk":2,"banjir":0.0,"banjir_bandang":0.0,"gempabumi":0.0,"gunungapi":0.0,"tanahlongsor":0.0,"tsunami":0.0,"risk":3.0,"elev_m":248.39053344726562}},{"type":"Feature","geometry":{"type":"Point","coordinates":[106.49475810300004,-6.932151376999968]},"properties":{"FID":13,"NAMOBJ":" ","LUAS":0,"FGSIBD":1,"FCODE":" ","REMARK":"Masjid","SRS_ID":" ","LCODE":"GF0020","METADATA":" ","KATPDK":0,"JLPDDK":0,"FGGPDK":0,"JJGPDF":0,"JNSPDL":0,"FGSGOV":0,"Skor_Risk":2,"banjir":0.0,"banjir_bandang":0.0,"gempabumi":0.0,"gunungapi":0.0,"tanahlongsor":0.0,"tsunami":0.0,"risk":3.0,"elev_m":190.12242126464844}},{"type":"Feature","geometry":{"type":"Point","coordinates":[106.49726934000006,-6.937942362999934]},"properties":{"FID":14,"NAMOBJ":" ","LUAS":0,"FGSIBD":1,"FCODE":" ","REMARK":"Masjid","SRS_ID":" ","LCODE":"GF0020","METADATA":" ","KATPDK":0,"JLPDDK":0,"FGGPDK":0,"JJGPDF":0,"JNSPDL":0,"FGSGOV":0,"Skor_Risk":2,"banjir":0.0,"banjir_bandang":0.0,"gempabumi":0.0,"gunungapi":0.0,"tanahlongsor":0.0,"tsunami":0.0,"risk":2.0,"elev_m":128.5006103515625}},{"type":"Feature","geometry":{"type":"Point","coordinates":[106.49718090200008,-6.933637011999963]},"properties":{"FID":15,"NAMOBJ":" ","LUAS":0,"FGSIBD":1,"FCODE":" ","REMARK":"Masjid","SRS_ID":" ","LCODE":"GF0020","METADATA":" ","KATPDK":0,"JLPDDK":0,"FGGPDK":0,"JJGPDF":0,"JNSPDL":0,"FGSGOV":0,"Skor_Risk":2,"banjir":0.0,"banjir_bandang":0.0,"gempabumi":0.0,"gunungapi":0.0,"tanahlongsor":0.0,"tsunami":0.0,"risk":3.0,"elev_m":182.60714721679688}},{"type":"Feature","geometry":{"type":"Point","coordinates":[106.41148807900004,-6.937365403999934]},"properties":{"FID":16,"NAMOBJ":" ","LUAS":0,"FGSIBD":1,"FCODE":" ","REMARK":"Masjid","SRS_ID":" ","LCODE":"GF0020","METADATA":" ","KATPDK":0,"JLPDDK":0,"FGGPDK":0,"JJGPDF":0,"JNSPDL":0,"FGSGOV":0,"Skor_Risk":2,"banjir":0.0,"banjir_bandang":0.0,"gempabumi":0.0,"gunungapi":0.0,"tanahlongsor":0.0,"tsunami":0.0,"risk":2.0,"elev_m":305.635986328125}},{"type":"Feature","geometry":{"type":"Point","coordinates":[106.39888987900008,-6.935654080999939]},"properties":{"FID":17,"NAMOBJ":" ","LUAS":0,"FGSIBD":1,"FCODE":" ","REMARK":"Masjid","SRS_ID":" ","LCODE":"GF0020","METADATA":" ","KATPDK":0,"JLPDDK":0,"FGGPDK":0,"JJGPDF":0,"JNSPDL":0,"FGSGOV":0,"Skor_Risk":2,"banjir":0.0,"banjir_bandang":0.0,"gempabumi":0.0,"gunungapi":0.0,"tanahlongsor":0.0,"tsunami":0.0,"risk":3.0,"elev_m":209.70889282226562}},{"type":"Feature","geometry":{"type":"Point","coordinates":[106.42311958100004,-6.9431979369999794]},"properties":{"FID":18,"NAMOBJ":" ","LUAS":0,"FGSIBD":1,"FCODE":" ","REMARK":"Masjid","SRS_ID":" ","LCODE":"GF0020","METADATA":" ","KATPDK":0,"JLPDDK":0,"FGGPDK":0,"JJGPDF":0,"JNSPDL":0,"FGSGOV":0,"Skor_Risk":2,"banjir":0.0,"banjir_bandang":0.0,"gempabumi":0.0,"gunungapi":0.0,"tanahlongsor":0.0,"tsunami":0.0,"risk":3.0,"elev_m":141.48358154296875}},{"type":"Feature","geometry":{"type":"Point","coordinates":[106.45334888100007,-6.947760399999936]},"properties":{"FID":19,"NAMOBJ":" ","LUAS":0,"FGSIBD":1,"FCODE":" ","REMARK":"Masjid","SRS_ID":" ","LCODE":"GF0020","METADATA":" ","KATPDK":0,"JLPDDK":0,"FGGPDK":0,"JJGPDF":0,"JNSPDL":0,"FGSGOV":0,"Skor_Risk":2,"banjir":0.0,"banjir_bandang":0.0,"gempabumi":0.0,"gunungapi":0.0,"tanahlongsor":0.0,"tsunami":0.0,"risk":3.0,"elev_m":28.59447479248047}},{"type":"Feature","geometry":{"type":"Point","coordinates":[106.48128840600003,-6.9463738679999665]},"properties":{"FID":20,"NAMOBJ":" ","LUAS":0,"FGSIBD":1,"FCODE":" ","REMARK":"Masjid","SRS_ID":" ","LCODE":"GF0020","METADATA":" ","KATPDK":0,"JLPDDK":0,"FGGPDK":0,"JJGPDF":0,"JNSPDL":0,"FGSGOV":0,"Skor_Risk":2,"banjir":0.0,"banjir_bandang":0.0,"gempabumi":0.0,"gunungapi":0.0,"tanahlongsor":0.0,"tsunami":0.0,"risk":3.0,"elev_m":44.70220184326172}},{"type":"Feature","geometry":{"type":"Point","coordinates":[106.49118075000007,-6.960185494999962]},"properties":{"FID":21,"NAMOBJ":" ","LUAS":0,"FGSIBD":1,"FCODE":" ","REMARK":"Masjid","SRS_ID":" ","LCODE":"GF0020","METADATA":" ","KATPDK":0,"JLPDDK":0,"FGGPDK":0,"JJGPDF":0,"JNSPDL":0,"FGSGOV":0,"Skor_Risk":2,"banjir":0.0,"banjir_bandang":0.0,"gempabumi":0.0,"gunungapi":0.0,"tanahlongsor":0.0,"tsunami":0.0,"risk":2.0,"elev_m":22.990921020507812}},{"type":"Feature","geometry":{"type":"Point","coordinates":[106.49490158000003,-6.961359647999927]},"properties":{"FID":22,"NAMOBJ":" ","LUAS":0,"FGSIBD":1,"FCODE":" ","REMARK":"Masjid","SRS_ID":" ","LCODE":"GF0020","METADATA":" ","KATPDK":0,"JLPDDK":0,"FGGPDK":0,"JJGPDF":0,"JNSPDL":0,"FGSGOV":0,"Skor_Risk":2,"banjir":0.0,"banjir_bandang":0.0,"gempabumi":0.0,"gunungapi":0.0,"tanahlongsor":0.0,"tsunami":0.0,"risk":2.0,"elev_m":26.723186492919922}},{"type":"Feature","geometry":{"type":"Point","coordinates":[106.49808637800004,-6.9597911079999335]},"properties":{"FID":23,"NAMOBJ":" ","LUAS":0,"FGSIBD":1,"FCODE":" ","REMARK":"Masjid","SRS_ID":" ","LCODE":"GF0020","METADATA":" ","KATPDK":0,"JLPDDK":0,"FGGPDK":0,"JJGPDF":0,"JNSPDL":0,"FGSGOV":0,"Skor_Risk":2,"banjir":0.0,"banjir_bandang":0.0,"gempabumi":0.0,"gunungapi":0.0,"tanahlongsor":0.0,"tsunami":0.0,"risk":3.0,"elev_m":37.606712341308594}},{"type":"Feature","geometry":{"type":"Point","coordinates":[106.49455462300006,-6.957847910999931]},"properties":{"FID":24,"NAMOBJ":" ","LUAS":0,"FGSIBD":1,"FCODE":" ","REMARK":"Masjid","SRS_ID":" ","LCODE":"GF0020","METADATA":" ","KATPDK":0,"JLPDDK":0,"FGGPDK":0,"JJGPDF":0,"JNSPDL":0,"FGSGOV":0,"Skor_Risk":2,"banjir":0.0,"banjir_bandang":0.0,"gempabumi":0.0,"gunungapi":0.0,"tanahlongsor":0.0,"tsunami":0.0,"risk":3.0,"elev_m":49.72328186035156}},{"type":"Feature","geometry":{"type":"Point","coordinates":[106.49849102800005,-6.956403419999958]},"properties":{"FID":25,"NAMOBJ":" ","LUAS":0,"FGSIBD":1,"FCODE":" ","REMARK":"Masjid","SRS_ID":" ","LCODE":"GF0020","METADATA":" ","KATPDK":0,"JLPDDK":0,"FGGPDK":0,"JJGPDF":0,"JNSPDL":0,"FGSGOV":0,"Skor_Risk":2,"banjir":0.0,"banjir_bandang":0.0,"gempabumi":0.0,"gunungapi":0.0,"tanahlongsor":0.0,"tsunami":0.0,"risk":3.0,"elev_m":67.16804504394531}},{"type":"Feature","geometry":{"type":"Point","coordinates":[106.49721188100006,-6.951307235999934]},"properties":{"FID":26,"NAMOBJ":" ","LUAS":0,"FGSIBD":1,"FCODE":" ","REMARK":"Masjid","SRS_ID":" ","LCODE":"GF0020","METADATA":" ","KATPDK":0,"JLPDDK":0,"FGGPDK":0,"JJGPDF":0,"JNSPDL":0,"FGSGOV":0,"Skor_Risk":2,"banjir":0.0,"banjir_bandang":0.0,"gempabumi":0.0,"gunungapi":0.0,"tanahlongsor":0.0,"tsunami":0.0,"risk":2.0,"elev_m":104.8755111694336}},{"type":"Feature","geometry":{"type":"Point","coordinates":[106.48016733200006,-6.953725105999979]},"properties":{"FID":27,"NAMOBJ":" ","LUAS":0,"FGSIBD":1,"FCODE":" ","REMARK":"Masjid","SRS_ID":" ","LCODE":"GF0020","METADATA":" ","KATPDK":0,"JLPDDK":0,"FGGPDK":0,"JJGPDF":0,"JNSPDL":0,"FGSGOV":0,"Skor_Risk":2,"banjir":0.0,"banjir_bandang":0.0,"gempabumi":0.0,"gunungapi":0.0,"tanahlongsor":0.0,"tsunami":0.0,"risk":3.0,"elev_m":26.554096221923828}},{"type":"Feature","geometry":{"type":"Point","coordinates":[106.47739698400005,-6.957409483999925]},"properties":{"FID":28,"NAMOBJ":" ","LUAS":0,"FGSIBD":1,"FCODE":" ","REMARK":"Masjid","SRS_ID":" ","LCODE":"GF0020","METADATA":" ","KATPDK":0,"JLPDDK":0,"FGGPDK":0,"JJGPDF":0,"JNSPDL":0,"FGSGOV":0,"Skor_Risk":2,"banjir":0.0,"banjir_bandang":0.0,"gempabumi":0.0,"gunungapi":0.0,"tanahlongsor":0.0,"tsunami":0.0,"risk":3.0,"elev_m":38.97004318237305}},{"type":"Feature","geometry":{"type":"Point","coordinates":[106.47843454700006,-6.957662794999976]},"properties":{"FID":29,"NAMOBJ":" ","LUAS":0,"FGSIBD":1,"FCODE":" ","REMARK":"Masjid","SRS_ID":" ","LCODE":"GF0020","METADATA":" ","KATPDK":0,"JLPDDK":0,"FGGPDK":0,"JJGPDF":0,"JNSPDL":0,"FGSGOV":0,"Skor_Risk":2,"banjir":0.0,"banjir_bandang":0.0,"gempabumi":0.0,"gunungapi":0.0,"tanahlongsor":0.0,"tsunami":0.0,"risk":3.0,"elev_m":28.819154739379883}},{"type":"Feature","geometry":{"type":"Point","coordinates":[106.41412348800009,-6.952782070999945]},"properties":{"FID":30,"NAMOBJ":" ","LUAS":0,"FGSIBD":1,"FCODE":" ","REMARK":"Masjid","SRS_ID":" ","LCODE":"GF0020","METADATA":" ","KATPDK":0,"JLPDDK":0,"FGGPDK":0,"JJGPDF":0,"JNSPDL":0,"FGSGOV":0,"Skor_Risk":2,"banjir":0.0,"banjir_bandang":0.0,"gempabumi":0.0,"gunungapi":0.0,"tanahlongsor":0.0,"tsunami":0.0,"risk":3.0,"elev_m":148.31967163085938}},{"type":"Feature","geometry":{"type":"Point","coordinates":[106.39435233700004,-6.9609296219999806]},"properties":{"FID":31,"NAMOBJ":" ","LUAS":0,"FGSIBD":1,"FCODE":" ","REMARK":"Masjid","SRS_ID":" ","LCODE":"GF0020","METADATA":" ","KATPDK":0,"JLPDDK":0,"FGGPDK":0,"JJGPDF":0,"JNSPDL":0,"FGSGOV":0,"Skor_Risk":2,"banjir":0.0,"banjir_bandang":0.0,"gempabumi":0.0,"gunungapi":0.0,"tanahlongsor":0.0,"tsunami":0.0,"risk":1.0,"elev_m":null}},{"type":"Feature","geometry":{"type":"Point","coordinates":[106.39471677500006,-6.966130287999931]},"properties":{"FID":32,"NAMOBJ":" ","LUAS":0,"FGSIBD":1,"FCODE":" ","REMARK":"Masjid","SRS_ID":" ","LCODE":"GF0020","METADATA":" ","KATPDK":0,"JLPDDK":0,"FGGPDK":0,"JJGPDF":0,"JNSPDL":0,"FGSGOV":0,"Skor_Risk":2,"banjir":0.0,"banjir_bandang":0.0,"gempabumi":0.0,"gunungapi":0.0,"tanahlongsor":0.0,"tsunami":0.0,"risk":3.0,"elev_m":20.284076690673828}},{"type":"Feature","geometry":{"type":"Point","coordinates":[106.48243110600004,-6.798103395999931]},"properties":{"FID":33,"NAMOBJ":" ","LUAS":0,"FGSIBD":1,"FCODE":" ","REMARK":"Masjid","SRS_ID":" ","LCODE":"GF0020","METADATA":" ","KATPDK":0,"JLPDDK":0,"FGGPDK":0,"JJGPDF":0,"JNSPDL":0,"FGSGOV":0,"Skor_Risk":2,"banjir":0.0,"banjir_bandang":0.0,"gempabumi":2.0,"gunungapi":0.0,"tanahlongsor":3.0,"tsunami":0.0,"risk":1.0,"elev_m":1030.84423828125}},{"type":"Feature","geometry":{"type":"Point","coordinates":[106.49493534900006,-6.800234549999971]},"properties":{"FID":34,"NAMOBJ":" ","LUAS":0,"FGSIBD":1,"FCODE":" ","REMARK":"Masjid","SRS_ID":" ","LCODE":"GF0020","METADATA":" ","KATPDK":0,"JLPDDK":0,"FGGPDK":0,"JJGPDF":0,"JNSPDL":0,"FGSGOV":0,"Skor_Risk":2,"banjir":0.0,"banjir_bandang":0.0,"gempabumi":1.0,"gunungapi":0.0,"tanahlongsor":3.0,"tsunami":0.0,"risk":1.0,"elev_m":1096.9158935546875}},{"type":"Feature","geometry":{"type":"Point","coordinates":[106.44547255000003,-6.839231476999942]},"properties":{"FID":35,"NAMOBJ":" ","LUAS":0,"FGSIBD":1,"FCODE":" ","REMARK":"Masjid","SRS_ID":" ","LCODE":"GF0020","METADATA":" ","KATPDK":0,"JLPDDK":0,"FGGPDK":0,"JJGPDF":0,"JNSPDL":0,"FGSGOV":0,"Skor_Risk":2,"banjir":0.0,"banjir_bandang":0.0,"gempabumi":2.0,"gunungapi":0.0,"tanahlongsor":3.0,"tsunami":0.0,"risk":3.0,"elev_m":612.0318603515625}},{"type":"Feature","geometry":{"type":"Point","coordinates":[106.45640878100005,-6.872976793999953]},"properties":{"FID":36,"NAMOBJ":" ","LUAS":0,"FGSIBD":1,"FCODE":" ","REMARK":"Masjid","SRS_ID":" ","LCODE":"GF0020","METADATA":" ","KATPDK":0,"JLPDDK":0,"FGGPDK":0,"JJGPDF":0,"JNSPDL":0,"FGSGOV":0,"Skor_Risk":2,"banjir":0.0,"banjir_bandang":0.0,"gempabumi":2.0,"gunungapi":0.0,"tanahlongsor":3.0,"tsunami":0.0,"risk":2.0,"elev_m":653.7283935546875}},{"type":"Feature","geometry":{"type":"Point","coordinates":[106.55036939800004,-6.9882536939999795]},"properties":{"FID":37,"NAMOBJ":" ","LUAS":0,"FGSIBD":999,"FCODE":" ","REMARK":"Peribadatan/Sosial Lainnya","SRS_ID":" ","LCODE":"GF0020","METADATA":" ","KATPDK":0,"JLPDDK":0,"FGGPDK":0,"JJGPDF":0,"JNSPDL":0,"FGSGOV":0,"Skor_Risk":2,"banjir":2.0,"banjir_bandang":0.0,"gempabumi":3.0,"gunungapi":0.0,"tanahlongsor":0.0,"tsunami":3.0,"risk":3.0,"elev_m":17.85349464416504}},{"type":"Feature","geometry":{"type":"Point","coordinates":[106.60634361500007,-6.984401820999949]},"properties":{"FID":38,"NAMOBJ":" ","LUAS":0,"FGSIBD":1,"FCODE":" ","REMARK":"Masjid","SRS_ID":" ","LCODE":"GF0020","METADATA":" ","KATPDK":0,"JLPDDK":0,"FGGPDK":0,"JJGPDF":0,"JNSPDL":0,"FGSGOV":0,"Skor_Risk":1,"banjir":0.0,"banjir_bandang":0.0,"gempabumi":3.0,"gunungapi":0.0,"tanahlongsor":3.0,"tsunami":0.0,"risk":3.0,"elev_m":164.3960418701172}},{"type":"Feature","geometry":{"type":"Point","coordinates":[106.62261593300008,-6.995762428999967]},"properties":{"FID":39,"NAMOBJ":" ","LUAS":0,"FGSIBD":1,"FCODE":" ","REMARK":"Masjid","SRS_ID":" ","LCODE":"GF0020","METADATA":" ","KATPDK":0,"JLPDDK":0,"FGGPDK":0,"JJGPDF":0,"JNSPDL":0,"FGSGOV":0,"Skor_Risk":2,"banjir":0.0,"banjir_bandang":0.0,"gempabumi":2.0,"gunungapi":0.0,"tanahlongsor":3.0,"tsunami":0.0,"risk":3.0,"elev_m":108.92781066894531}},{"type":"Feature","geometry":{"type":"Point","coordinates":[106.61520630000007,-6.998162552999929]},"properties":{"FID":40,"NAMOBJ":" ","LUAS":0,"FGSIBD":1,"FCODE":" ","REMARK":"Masjid","SRS_ID":" ","LCODE":"GF0020","METADATA":" ","KATPDK":0,"JLPDDK":0,"FGGPDK":0,"JJGPDF":0,"JNSPDL":0,"FGSGOV":0,"Skor_Risk":2,"banjir":0.0,"banjir_bandang":0.0,"gempabumi":2.0,"gunungapi":0.0,"tanahlongsor":3.0,"tsunami":0.0,"risk":3.0,"elev_m":74.32839965820312}},{"type":"Feature","geometry":{"type":"Point","coordinates":[106.55603782500003,-6.997506588999954]},"properties":{"FID":41,"NAMOBJ":" ","LUAS":0,"FGSIBD":1,"FCODE":" ","REMARK":"Masjid","SRS_ID":" ","LCODE":"GF0020","METADATA":" ","KATPDK":0,"JLPDDK":0,"FGGPDK":0,"JJGPDF":0,"JNSPDL":0,"FGSGOV":0,"Skor_Risk":2,"banjir":0.0,"banjir_bandang":0.0,"gempabumi":2.0,"gunungapi":0.0,"tanahlongsor":0.0,"tsunami":0.0,"risk":3.0,"elev_m":38.22856140136719}},{"type":"Feature","geometry":{"type":"Point","coordinates":[106.55569313500007,-6.9955241199999705]},"properties":{"FID":42,"NAMOBJ":" ","LUAS":0,"FGSIBD":1,"FCODE":" ","REMARK":"Masjid","SRS_ID":" ","LCODE":"GF0020","METADATA":" ","KATPDK":0,"JLPDDK":0,"FGGPDK":0,"JJGPDF":0,"JNSPDL":0,"FGSGOV":0,"Skor_Risk":2,"banjir":0.0,"banjir_bandang":0.0,"gempabumi":3.0,"gunungapi":0.0,"tanahlongsor":0.0,"tsunami":0.0,"risk":3.0,"elev_m":24.345029830932617}},{"type":"Feature","geometry":{"type":"Point","coordinates":[106.55614933800007,-6.992863603999979]},"properties":{"FID":43,"NAMOBJ":" ","LUAS":0,"FGSIBD":1,"FCODE":" ","REMARK":"Masjid","SRS_ID":" ","LCODE":"GF0020","METADATA":" ","KATPDK":0,"JLPDDK":0,"FGGPDK":0,"JJGPDF":0,"JNSPDL":0,"FGSGOV":0,"Skor_Risk":2,"banjir":0.0,"banjir_bandang":0.0,"gempabumi":3.0,"gunungapi":0.0,"tanahlongsor":0.0,"tsunami":0.0,"risk":3.0,"elev_m":22.239837646484375}},{"type":"Feature","geometry":{"type":"Point","coordinates":[106.54405931200006,-6.993156688999932]},"properties":{"FID":44,"NAMOBJ":" ","LUAS":0,"FGSIBD":1,"FCODE":" ","REMARK":"Masjid","SRS_ID":" ","LCODE":"GF0020","METADATA":" ","KATPDK":0,"JLPDDK":0,"FGGPDK":0,"JJGPDF":0,"JNSPDL":0,"FGSGOV":0,"Skor_Risk":2,"banjir":3.0,"banjir_bandang":0.0,"gempabumi":3.0,"gunungapi":0.0,"tanahlongsor":0.0,"tsunami":3.0,"risk":3.0,"elev_m":5.907323837280273}},{"type":"Feature","geometry":{"type":"Point","coordinates":[106.54304301300004,-6.998854427999959]},"properties":{"FID":45,"NAMOBJ":" ","LUAS":0,"FGSIBD":1,"FCODE":" ","REMARK":"Masjid","SRS_ID":" ","LCODE":"GF0020","METADATA":" ","KATPDK":0,"JLPDDK":0,"FGGPDK":0,"JJGPDF":0,"JNSPDL":0,"FGSGOV":0,"Skor_Risk":-9999,"banjir":0.0,"banjir_bandang":0.0,"gempabumi":3.0,"gunungapi":0.0,"tanahlongsor":0.0,"tsunami":3.0,"risk":1.0,"elev_m":null}},{"type":"Feature","geometry":{"type":"Point","coordinates":[106.61845695900007,-6.879671636999944]},"properties":{"FID":46,"NAMOBJ":" ","LUAS":0,"FGSIBD":1,"FCODE":" ","REMARK":"Masjid","SRS_ID":" ","LCODE":"GF0020","METADATA":" ","KATPDK":0,"JLPDDK":0,"FGGPDK":0,"JJGPDF":0,"JNSPDL":0,"FGSGOV":0,"Skor_Risk":2,"banjir":0.0,"banjir_bandang":0.0,"gempabumi":2.0,"gunungapi":0.0,"tanahlongsor":3.0,"tsunami":0.0,"risk":2.0,"elev_m":415.9096984863281}},{"type":"Feature","geometry":{"type":"Point","coordinates":[106.61962089800005,-6.886399368999946]},"properties":{"FID":47,"NAMOBJ":" ","LUAS":0,"FGSIBD":1,"FCODE":" ","REMARK":"Masjid","SRS_ID":" ","LCODE":"GF0020","METADATA":" ","KATPDK":0,"JLPDDK":0,"FGGPDK":0,"JJGPDF":0,"JNSPDL":0,"FGSGOV":0,"Skor_Risk":2,"banjir":0.0,"banjir_bandang":0.0,"gempabumi":2.0,"gunungapi":0.0,"tanahlongsor":3.0,"tsunami":0.0,"risk":3.0,"elev_m":360.9445495605469}},{"type":"Feature","geometry":{"type":"Point","coordinates":[106.61618919300008,-6.890209371999958]},"properties":{"FID":48,"NAMOBJ":" ","LUAS":0,"FGSIBD":1,"FCODE":" ","REMARK":"Masjid","SRS_ID":" ","LCODE":"GF0020","METADATA":" ","KATPDK":0,"JLPDDK":0,"FGGPDK":0,"JJGPDF":0,"JNSPDL":0,"FGSGOV":0,"Skor_Risk":2,"banjir":0.0,"banjir_bandang":0.0,"gempabumi":2.0,"gunungapi":0.0,"tanahlongsor":3.0,"tsunami":0.0,"risk":1.0,"elev_m":380.08465576171875}},{"type":"Feature","geometry":{"type":"Point","coordinates":[106.60860126200004,-6.88356657199995]},"properties":{"FID":49,"NAMOBJ":" ","LUAS":0,"FGSIBD":1,"FCODE":" ","REMARK":"Masjid","SRS_ID":" ","LCODE":"GF0020","METADATA":" ","KATPDK":0,"JLPDDK":0,"FGGPDK":0,"JJGPDF":0,"JNSPDL":0,"FGSGOV":0,"Skor_Risk":2,"banjir":0.0,"banjir_bandang":3.0,"gempabumi":3.0,"gunungapi":0.0,"tanahlongsor":3.0,"tsunami":0.0,"risk":2.0,"elev_m":455.16680908203125}},{"type":"Feature","geometry":{"type":"Point","coordinates":[106.59339018000009,-6.884883729999956]},"properties":{"FID":50,"NAMOBJ":" ","LUAS":0,"FGSIBD":1,"FCODE":" ","REMARK":"Masjid","SRS_ID":" ","LCODE":"GF0020","METADATA":" ","KATPDK":0,"JLPDDK":0,"FGGPDK":0,"JJGPDF":0,"JNSPDL":0,"FGSGOV":0,"Skor_Risk":2,"banjir":0.0,"banjir_bandang":0.0,"gempabumi":1.0,"gunungapi":0.0,"tanahlongsor":3.0,"tsunami":0.0,"risk":2.0,"elev_m":501.049560546875}},{"type":"Feature","geometry":{"type":"Point","coordinates":[106.57992123900004,-6.895437605999973]},"properties":{"FID":51,"NAMOBJ":" ","LUAS":0,"FGSIBD":1,"FCODE":" ","REMARK":"Masjid","SRS_ID":" ","LCODE":"GF0020","METADATA":" ","KATPDK":0,"JLPDDK":0,"FGGPDK":0,"JJGPDF":0,"JNSPDL":0,"FGSGOV":0,"Skor_Risk":2,"banjir":0.0,"banjir_bandang":0.0,"gempabumi":2.0,"gunungapi":0.0,"tanahlongsor":3.0,"tsunami":0.0,"risk":2.0,"elev_m":556.4531860351562}},{"type":"Feature","geometry":{"type":"Point","coordinates":[106.58332283500005,-6.895173052999951]},"properties":{"FID":52,"NAMOBJ":" ","LUAS":0,"FGSIBD":1,"FCODE":" ","REMARK":"Masjid","SRS_ID":" ","LCODE":"GF0020","METADATA":" ","KATPDK":0,"JLPDDK":0,"FGGPDK":0,"JJGPDF":0,"JNSPDL":0,"FGSGOV":0,"Skor_Risk":2,"banjir":0.0,"banjir_bandang":0.0,"gempabumi":2.0,"gunungapi":0.0,"tanahlongsor":3.0,"tsunami":0.0,"risk":3.0,"elev_m":561.7911376953125}},{"type":"Feature","geometry":{"type":"Point","coordinates":[106.61845959000004,-6.89608517299996]},"properties":{"FID":53,"NAMOBJ":" ","LUAS":0,"FGSIBD":1,"FCODE":" ","REMARK":"Masjid","SRS_ID":" ","LCODE":"GF0020","METADATA":" ","KATPDK":0,"JLPDDK":0,"FGGPDK":0,"JJGPDF":0,"JNSPDL":0,"FGSGOV":0,"Skor_Risk":2,"banjir":0.0,"banjir_bandang":0.0,"gempabumi":2.0,"gunungapi":0.0,"tanahlongsor":3.0,"tsunami":0.0,"risk":1.0,"elev_m":330.2459716796875}},{"type":"Feature","geometry":{"type":"Point","coordinates":[106.51587630500006,-6.918858934999946]},"properties":{"FID":54,"NAMOBJ":" ","LUAS":0,"FGSIBD":1,"FCODE":" ","REMARK":"Masjid","SRS_ID":" ","LCODE":"GF0020","METADATA":" ","KATPDK":0,"JLPDDK":0,"FGGPDK":0,"JJGPDF":0,"JNSPDL":0,"FGSGOV":0,"Skor_Risk":2,"banjir":0.0,"banjir_bandang":0.0,"gempabumi":2.0,"gunungapi":0.0,"tanahlongsor":0.0,"tsunami":0.0,"risk":2.0,"elev_m":358.4715881347656}},{"type":"Feature","geometry":{"type":"Point","coordinates":[106.51108987400005,-6.92151243099994]},"properties":{"FID":55,"NAMOBJ":" ","LUAS":0,"FGSIBD":1,"FCODE":" ","REMARK":"Masjid","SRS_ID":" ","LCODE":"GF0020","METADATA":" ","KATPDK":0,"JLPDDK":0,"FGGPDK":0,"JJGPDF":0,"JNSPDL":0,"FGSGOV":0,"Skor_Risk":1,"banjir":0.0,"banjir_bandang":0.0,"gempabumi":0.0,"gunungapi":0.0,"tanahlongsor":0.0,"tsunami":0.0,"risk":1.0,"elev_m":321.9553527832031}},{"type":"Feature","geometry":{"type":"Point","coordinates":[106.50589222500008,-6.930282388999956]},"properties":{"FID":56,"NAMOBJ":" ","LUAS":0,"FGSIBD":1,"FCODE":" ","REMARK":"Masjid","SRS_ID":" ","LCODE":"GF0020","METADATA":" ","KATPDK":0,"JLPDDK":0,"FGGPDK":0,"JJGPDF":0,"JNSPDL":0,"FGSGOV":0,"Skor_Risk":2,"banjir":0.0,"banjir_bandang":0.0,"gempabumi":0.0,"gunungapi":0.0,"tanahlongsor":0.0,"tsunami":0.0,"risk":3.0,"elev_m":247.0909423828125}},{"type":"Feature","geometry":{"type":"Point","coordinates":[106.51738850700008,-6.929110382999966]},"properties":{"FID":57,"NAMOBJ":" ","LUAS":0,"FGSIBD":1,"FCODE":" ","REMARK":"Masjid","SRS_ID":" ","LCODE":"GF0020","METADATA":" ","KATPDK":0,"JLPDDK":0,"FGGPDK":0,"JJGPDF":0,"JNSPDL":0,"FGSGOV":0,"Skor_Risk":2,"banjir":0.0,"banjir_bandang":0.0,"gempabumi":0.0,"gunungapi":0.0,"tanahlongsor":0.0,"tsunami":0.0,"risk":2.0,"elev_m":312.3523864746094}},{"type":"Feature","geometry":{"type":"Point","coordinates":[106.55727752600006,-6.937612423999951]},"properties":{"FID":58,"NAMOBJ":" ","LUAS":0,"FGSIBD":1,"FCODE":" ","REMARK":"Masjid","SRS_ID":" ","LCODE":"GF0020","METADATA":" ","KATPDK":0,"JLPDDK":0,"FGGPDK":0,"JJGPDF":0,"JNSPDL":0,"FGSGOV":0,"Skor_Risk":2,"banjir":0.0,"banjir_bandang":0.0,"gempabumi":3.0,"gunungapi":0.0,"tanahlongsor":0.0,"tsunami":0.0,"risk":1.0,"elev_m":298.7059326171875}},{"type":"Feature","geometry":{"type":"Point","coordinates":[106.52040587300007,-6.934123332999945]},"properties":{"FID":59,"NAMOBJ":" ","LUAS":0,"FGSIBD":1,"FCODE":" ","REMARK":"Masjid","SRS_ID":" ","LCODE":"GF0020","METADATA":" ","KATPDK":0,"JLPDDK":0,"FGGPDK":0,"JJGPDF":0,"JNSPDL":0,"FGSGOV":0,"Skor_Risk":2,"banjir":0.0,"banjir_bandang":0.0,"gempabumi":0.0,"gunungapi":0.0,"tanahlongsor":0.0,"tsunami":0.0,"risk":3.0,"elev_m":296.2954406738281}},{"type":"Feature","geometry":{"type":"Point","coordinates":[106.50396667400008,-6.9355262519999314]},"properties":{"FID":60,"NAMOBJ":" ","LUAS":0,"FGSIBD":1,"FCODE":" ","REMARK":"Masjid","SRS_ID":" ","LCODE":"GF0020","METADATA":" ","KATPDK":0,"JLPDDK":0,"FGGPDK":0,"JJGPDF":0,"JNSPDL":0,"FGSGOV":0,"Skor_Risk":2,"banjir":0.0,"banjir_bandang":0.0,"gempabumi":0.0,"gunungapi":0.0,"tanahlongsor":0.0,"tsunami":0.0,"risk":3.0,"elev_m":181.935546875}},{"type":"Feature","geometry":{"type":"Point","coordinates":[106.50990646000008,-6.9489713959999335]},"properties":{"FID":61,"NAMOBJ":" ","LUAS":0,"FGSIBD":1,"FCODE":" ","REMARK":"Masjid","SRS_ID":" ","LCODE":"GF0020","METADATA":" ","KATPDK":0,"JLPDDK":0,"FGGPDK":0,"JJGPDF":0,"JNSPDL":0,"FGSGOV":0,"Skor_Risk":2,"banjir":0.0,"banjir_bandang":0.0,"gempabumi":0.0,"gunungapi":0.0,"tanahlongsor":0.0,"tsunami":0.0,"risk":3.0,"elev_m":81.71215057373047}},{"type":"Feature","geometry":{"type":"Point","coordinates":[106.57946122200008,-6.941422015999933]},"properties":{"FID":62,"NAMOBJ":" ","LUAS":0,"FGSIBD":1,"FCODE":" ","REMARK":"Masjid","SRS_ID":" ","LCODE":"GF0020","METADATA":" ","KATPDK":0,"JLPDDK":0,"FGGPDK":0,"JJGPDF":0,"JNSPDL":0,"FGSGOV":0,"Skor_Risk":2,"banjir":0.0,"banjir_bandang":0.0,"gempabumi":2.0,"gunungapi":0.0,"tanahlongsor":3.0,"tsunami":0.0,"risk":2.0,"elev_m":358.8291931152344}},{"type":"Feature","geometry":{"type":"Point","coordinates":[106.57635779800006,-6.948797208999963]},"properties":{"FID":63,"NAMOBJ":" ","LUAS":0,"FGSIBD":1,"FCODE":" ","REMARK":"Masjid","SRS_ID":" ","LCODE":"GF0020","METADATA":" ","KATPDK":0,"JLPDDK":0,"FGGPDK":0,"JJGPDF":0,"JNSPDL":0,"FGSGOV":0,"Skor_Risk":1,"banjir":0.0,"banjir_bandang":0.0,"gempabumi":2.0,"gunungapi":0.0,"tanahlongsor":3.0,"tsunami":0.0,"risk":3.0,"elev_m":286.5380859375}},{"type":"Feature","geometry":{"type":"Point","coordinates":[106.61830348100005,-6.946355582999956]},"properties":{"FID":64,"NAMOBJ":" ","LUAS":0,"FGSIBD":1,"FCODE":" ","REMARK":"Masjid","SRS_ID":" ","LCODE":"GF0020","METADATA":" ","KATPDK":0,"JLPDDK":0,"FGGPDK":0,"JJGPDF":0,"JNSPDL":0,"FGSGOV":0,"Skor_Risk":2,"banjir":0.0,"banjir_bandang":0.0,"gempabumi":3.0,"gunungapi":0.0,"tanahlongsor":3.0,"tsunami":0.0,"risk":1.0,"elev_m":314.9388122558594}},{"type":"Feature","geometry":{"type":"Point","coordinates":[106.62399513800005,-6.948193160999949]},"properties":{"FID":65,"NAMOBJ":" ","LUAS":0,"FGSIBD":1,"FCODE":" ","REMARK":"Masjid","SRS_ID":" ","LCODE":"GF0020","METADATA":" ","KATPDK":0,"JLPDDK":0,"FGGPDK":0,"JJGPDF":0,"JNSPDL":0,"FGSGOV":0,"Skor_Risk":2,"banjir":0.0,"banjir_bandang":0.0,"gempabumi":3.0,"gunungapi":0.0,"tanahlongsor":2.0,"tsunami":0.0,"risk":3.0,"elev_m":307.63250732421875}},{"type":"Feature","geometry":{"type":"Point","coordinates":[106.58004621800006,-6.952034750999928]},"properties":{"FID":66,"NAMOBJ":" ","LUAS":0,"FGSIBD":1,"FCODE":" ","REMARK":"Masjid","SRS_ID":" ","LCODE":"GF0020","METADATA":" ","KATPDK":0,"JLPDDK":0,"FGGPDK":0,"JJGPDF":0,"JNSPDL":0,"FGSGOV":0,"Skor_Risk":2,"banjir":0.0,"banjir_bandang":0.0,"gempabumi":2.0,"gunungapi":0.0,"tanahlongsor":3.0,"tsunami":0.0,"risk":3.0,"elev_m":258.38470458984375}},{"type":"Feature","geometry":{"type":"Point","coordinates":[106.57637693100008,-6.954537048999953]},"properties":{"FID":67,"NAMOBJ":" ","LUAS":0,"FGSIBD":1,"FCODE":" ","REMARK":"Masjid","SRS_ID":" ","LCODE":"GF0020","METADATA":" ","KATPDK":0,"JLPDDK":0,"FGGPDK":0,"JJGPDF":0,"JNSPDL":0,"FGSGOV":0,"Skor_Risk":2,"banjir":0.0,"banjir_bandang":0.0,"gempabumi":2.0,"gunungapi":0.0,"tanahlongsor":3.0,"tsunami":0.0,"risk":3.0,"elev_m":270.06256103515625}},{"type":"Feature","geometry":{"type":"Point","coordinates":[106.57457198100008,-6.95836266799995]},"properties":{"FID":68,"NAMOBJ":" ","LUAS":0,"FGSIBD":1,"FCODE":" ","REMARK":"Masjid","SRS_ID":" ","LCODE":"GF0020","METADATA":" ","KATPDK":0,"JLPDDK":0,"FGGPDK":0,"JJGPDF":0,"JNSPDL":0,"FGSGOV":0,"Skor_Risk":2,"banjir":0.0,"banjir_bandang":0.0,"gempabumi":2.0,"gunungapi":0.0,"tanahlongsor":3.0,"tsunami":0.0,"risk":3.0,"elev_m":283.2012023925781}},{"type":"Feature","geometry":{"type":"Point","coordinates":[106.55915340900003,-6.955290462999926]},"properties":{"FID":69,"NAMOBJ":" ","LUAS":0,"FGSIBD":1,"FCODE":" ","REMARK":"Masjid","SRS_ID":" ","LCODE":"GF0020","METADATA":" ","KATPDK":0,"JLPDDK":0,"FGGPDK":0,"JJGPDF":0,"JNSPDL":0,"FGSGOV":0,"Skor_Risk":2,"banjir":0.0,"banjir_bandang":0.0,"gempabumi":3.0,"gunungapi":0.0,"tanahlongsor":0.0,"tsunami":0.0,"risk":3.0,"elev_m":261.114990234375}},{"type":"Feature","geometry":{"type":"Point","coordinates":[106.55628553000008,-6.957283601999961]},"properties":{"FID":70,"NAMOBJ":" ","LUAS":0,"FGSIBD":1,"FCODE":" ","REMARK":"Masjid","SRS_ID":" ","LCODE":"GF0020","METADATA":" ","KATPDK":0,"JLPDDK":0,"FGGPDK":0,"JJGPDF":0,"JNSPDL":0,"FGSGOV":0,"Skor_Risk":2,"banjir":0.0,"banjir_bandang":0.0,"gempabumi":3.0,"gunungapi":0.0,"tanahlongsor":0.0,"tsunami":0.0,"risk":2.0,"elev_m":242.22711181640625}},{"type":"Feature","geometry":{"type":"Point","coordinates":[106.52826695200008,-6.96640707399996]},"properties":{"FID":71,"NAMOBJ":" ","LUAS":0,"FGSIBD":1,"FCODE":" ","REMARK":"Masjid","SRS_ID":" ","LCODE":"GF0020","METADATA":" ","KATPDK":0,"JLPDDK":0,"FGGPDK":0,"JJGPDF":0,"JNSPDL":0,"FGSGOV":0,"Skor_Risk":2,"banjir":0.0,"banjir_bandang":0.0,"gempabumi":0.0,"gunungapi":0.0,"tanahlongsor":0.0,"tsunami":0.0,"risk":3.0,"elev_m":33.479610443115234}},{"type":"Feature","geometry":{"type":"Point","coordinates":[106.61323297600006,-6.965512808999961]},"properties":{"FID":72,"NAMOBJ":" ","LUAS":0,"FGSIBD":1,"FCODE":" ","REMARK":"Masjid","SRS_ID":" ","LCODE":"GF0020","METADATA":" ","KATPDK":0,"JLPDDK":0,"FGGPDK":0,"JJGPDF":0,"JNSPDL":0,"FGSGOV":0,"Skor_Risk":1,"banjir":0.0,"banjir_bandang":0.0,"gempabumi":3.0,"gunungapi":0.0,"tanahlongsor":0.0,"tsunami":0.0,"risk":3.0,"elev_m":147.91517639160156}},{"type":"Feature","geometry":{"type":"Point","coordinates":[106.60910278100005,-6.976111573999958]},"properties":{"FID":73,"NAMOBJ":" ","LUAS":0,"FGSIBD":1,"FCODE":" ","REMARK":"Masjid","SRS_ID":" ","LCODE":"GF0020","METADATA":" ","KATPDK":0,"JLPDDK":0,"FGGPDK":0,"JJGPDF":0,"JNSPDL":0,"FGSGOV":0,"Skor_Risk":2,"banjir":0.0,"banjir_bandang":0.0,"gempabumi":3.0,"gunungapi":0.0,"tanahlongsor":3.0,"tsunami":0.0,"risk":3.0,"elev_m":136.4910888671875}},{"type":"Feature","geometry":{"type":"Point","coordinates":[106.61624253200006,-6.97898203099993]},"properties":{"FID":74,"NAMOBJ":" ","LUAS":0,"FGSIBD":1,"FCODE":" ","REMARK":"Masjid","SRS_ID":" ","LCODE":"GF0020","METADATA":" ","KATPDK":0,"JLPDDK":0,"FGGPDK":0,"JJGPDF":0,"JNSPDL":0,"FGSGOV":0,"Skor_Risk":2,"banjir":0.0,"banjir_bandang":0.0,"gempabumi":2.0,"gunungapi":0.0,"tanahlongsor":3.0,"tsunami":0.0,"risk":3.0,"elev_m":64.57208251953125}},{"type":"Feature","geometry":{"type":"Point","coordinates":[106.54370185400006,-6.981996379999941]},"properties":{"FID":75,"NAMOBJ":" ","LUAS":0,"FGSIBD":1,"FCODE":" ","REMARK":"Masjid","SRS_ID":" ","LCODE":"GF0020","METADATA":" ","KATPDK":0,"JLPDDK":0,"FGGPDK":0,"JJGPDF":0,"JNSPDL":0,"FGSGOV":0,"Skor_Risk":2,"banjir":0.0,"banjir_bandang":0.0,"gempabumi":3.0,"gunungapi":0.0,"tanahlongsor":0.0,"tsunami":0.0,"risk":3.0,"elev_m":7.684235095977783}},{"type":"Feature","geometry":{"type":"Point","coordinates":[106.54028741000008,-6.97738388099998]},"properties":{"FID":76,"NAMOBJ":" ","LUAS":0,"FGSIBD":1,"FCODE":" ","REMARK":"Masjid","SRS_ID":" ","LCODE":"GF0020","METADATA":" ","KATPDK":0,"JLPDDK":0,"FGGPDK":0,"JJGPDF":0,"JNSPDL":0,"FGSGOV":0,"Skor_Risk":2,"banjir":0.0,"banjir_bandang":0.0,"gempabumi":0.0,"gunungapi":0.0,"tanahlongsor":0.0,"tsunami":0.0,"risk":3.0,"elev_m":41.81549072265625}},{"type":"Feature","geometry":{"type":"Point","coordinates":[106.53467060100007,-6.979132700999969]},"properties":{"FID":77,"NAMOBJ":" ","LUAS":0,"FGSIBD":1,"FCODE":" ","REMARK":"Masjid","SRS_ID":" ","LCODE":"GF0020","METADATA":" ","KATPDK":0,"JLPDDK":0,"FGGPDK":0,"JJGPDF":0,"JNSPDL":0,"FGSGOV":0,"Skor_Risk":2,"banjir":0.0,"banjir_bandang":0.0,"gempabumi":0.0,"gunungapi":0.0,"tanahlongsor":0.0,"tsunami":0.0,"risk":3.0,"elev_m":27.74876594543457}},{"type":"Feature","geometry":{"type":"Point","coordinates":[106.53284826100008,-6.977745760999937]},"properties":{"FID":78,"NAMOBJ":" ","LUAS":0,"FGSIBD":1,"FCODE":" ","REMARK":"Masjid","SRS_ID":" ","LCODE":"GF0020","METADATA":" ","KATPDK":0,"JLPDDK":0,"FGGPDK":0,"JJGPDF":0,"JNSPDL":0,"FGSGOV":0,"Skor_Risk":2,"banjir":0.0,"banjir_bandang":0.0,"gempabumi":0.0,"gunungapi":0.0,"tanahlongsor":0.0,"tsunami":0.0,"risk":3.0,"elev_m":33.461666107177734}},{"type":"Feature","geometry":{"type":"Point","coordinates":[106.53163320200008,-6.974605337999947]},"properties":{"FID":79,"NAMOBJ":" ","LUAS":0,"FGSIBD":1,"FCODE":" ","REMARK":"Masjid","SRS_ID":" ","LCODE":"GF0020","METADATA":" ","KATPDK":0,"JLPDDK":0,"FGGPDK":0,"JJGPDF":0,"JNSPDL":0,"FGSGOV":0,"Skor_Risk":1,"banjir":0.0,"banjir_bandang":0.0,"gempabumi":0.0,"gunungapi":0.0,"tanahlongsor":0.0,"tsunami":0.0,"risk":3.0,"elev_m":11.434591293334961}},{"type":"Feature","geometry":{"type":"Point","coordinates":[106.54307738400007,-6.983790157999977]},"properties":{"FID":80,"NAMOBJ":" ","LUAS":0,"FGSIBD":1,"FCODE":" ","REMARK":"Masjid","SRS_ID":" ","LCODE":"GF0020","METADATA":" ","KATPDK":0,"JLPDDK":0,"FGGPDK":0,"JJGPDF":0,"JNSPDL":0,"FGSGOV":0,"Skor_Risk":2,"banjir":0.0,"banjir_bandang":0.0,"gempabumi":0.0,"gunungapi":0.0,"tanahlongsor":0.0,"tsunami":0.0,"risk":3.0,"elev_m":17.17115020751953}},{"type":"Feature","geometry":{"type":"Point","coordinates":[106.55360330300005,-6.98360783399994]},"properties":{"FID":81,"NAMOBJ":" ","LUAS":0,"FGSIBD":1,"FCODE":" ","REMARK":"Masjid","SRS_ID":" ","LCODE":"GF0020","METADATA":" ","KATPDK":0,"JLPDDK":0,"FGGPDK":0,"JJGPDF":0,"JNSPDL":0,"FGSGOV":0,"Skor_Risk":2,"banjir":2.0,"banjir_bandang":2.0,"gempabumi":3.0,"gunungapi":0.0,"tanahlongsor":0.0,"tsunami":3.0,"risk":3.0,"elev_m":25.827184677124023}},{"type":"Feature","geometry":{"type":"Point","coordinates":[106.55271975400007,-6.9848769069999435]},"properties":{"FID":82,"NAMOBJ":" ","LUAS":0,"FGSIBD":1,"FCODE":" ","REMARK":"Masjid","SRS_ID":" ","LCODE":"GF0020","METADATA":" ","KATPDK":0,"JLPDDK":0,"FGGPDK":0,"JJGPDF":0,"JNSPDL":0,"FGSGOV":0,"Skor_Risk":2,"banjir":2.0,"banjir_bandang":0.0,"gempabumi":3.0,"gunungapi":0.0,"tanahlongsor":0.0,"tsunami":3.0,"risk":3.0,"elev_m":20.200246810913086}},{"type":"Feature","geometry":{"type":"Point","coordinates":[106.55266437400007,-6.990692645999957]},"properties":{"FID":83,"NAMOBJ":" ","LUAS":0,"FGSIBD":1,"FCODE":" ","REMARK":"Masjid","SRS_ID":" ","LCODE":"GF0020","METADATA":" ","KATPDK":0,"JLPDDK":0,"FGGPDK":0,"JJGPDF":0,"JNSPDL":0,"FGSGOV":0,"Skor_Risk":2,"banjir":2.0,"banjir_bandang":0.0,"gempabumi":3.0,"gunungapi":0.0,"tanahlongsor":0.0,"tsunami":3.0,"risk":3.0,"elev_m":20.219648361206055}},{"type":"Feature","geometry":{"type":"Point","coordinates":[106.61521514400005,-6.982662213999959]},"properties":{"FID":84,"NAMOBJ":" ","LUAS":0,"FGSIBD":1,"FCODE":" ","REMARK":"Masjid","SRS_ID":" ","LCODE":"GF0020","METADATA":" ","KATPDK":0,"JLPDDK":0,"FGGPDK":0,"JJGPDF":0,"JNSPDL":0,"FGSGOV":0,"Skor_Risk":2,"banjir":0.0,"banjir_bandang":0.0,"gempabumi":2.0,"gunungapi":0.0,"tanahlongsor":3.0,"tsunami":0.0,"risk":3.0,"elev_m":64.22700500488281}},{"type":"Feature","geometry":{"type":"Point","coordinates":[106.61923849200008,-6.787397910999971]},"properties":{"FID":85,"NAMOBJ":" ","LUAS":0,"FGSIBD":1,"FCODE":" ","REMARK":"Masjid","SRS_ID":" ","LCODE":"GF0020","METADATA":" ","KATPDK":0,"JLPDDK":0,"FGGPDK":0,"JJGPDF":0,"JNSPDL":0,"FGSGOV":0,"Skor_Risk":2,"banjir":0.0,"banjir_bandang":0.0,"gempabumi":2.0,"gunungapi":0.0,"tanahlongsor":3.0,"tsunami":0.0,"risk":3.0,"elev_m":791.9276733398438}},{"type":"Feature","geometry":{"type":"Point","coordinates":[106.56643259700007,-6.761089356999946]},"properties":{"FID":86,"NAMOBJ":" ","LUAS":0,"FGSIBD":1,"FCODE":" ","REMARK":"Masjid","SRS_ID":" ","LCODE":"GF0020","METADATA":" ","KATPDK":0,"JLPDDK":0,"FGGPDK":0,"JJGPDF":0,"JNSPDL":0,"FGSGOV":0,"Skor_Risk":2,"banjir":0.0,"banjir_bandang":0.0,"gempabumi":1.0,"gunungapi":0.0,"tanahlongsor":3.0,"tsunami":0.0,"risk":3.0,"elev_m":920.6986694335938}},{"type":"Feature","geometry":{"type":"Point","coordinates":[106.62285553500004,-6.859955203999959]},"properties":{"FID":87,"NAMOBJ":" ","LUAS":0,"FGSIBD":1,"FCODE":" ","REMARK":"Masjid","SRS_ID":" ","LCODE":"GF0020","METADATA":" ","KATPDK":0,"JLPDDK":0,"FGGPDK":0,"JJGPDF":0,"JNSPDL":0,"FGSGOV":0,"Skor_Risk":2,"banjir":0.0,"banjir_bandang":0.0,"gempabumi":2.0,"gunungapi":0.0,"tanahlongsor":3.0,"tsunami":0.0,"risk":2.0,"elev_m":602.9300537109375}},{"type":"Feature","geometry":{"type":"Point","coordinates":[106.62143398000006,-6.862043377999953]},"properties":{"FID":88,"NAMOBJ":" ","LUAS":0,"FGSIBD":1,"FCODE":" ","REMARK":"Masjid","SRS_ID":" ","LCODE":"GF0020","METADATA":" ","KATPDK":0,"JLPDDK":0,"FGGPDK":0,"JJGPDF":0,"JNSPDL":0,"FGSGOV":0,"Skor_Risk":2,"banjir":0.0,"banjir_bandang":0.0,"gempabumi":2.0,"gunungapi":0.0,"tanahlongsor":3.0,"tsunami":0.0,"risk":2.0,"elev_m":576.192138671875}},{"type":"Feature","geometry":{"type":"Point","coordinates":[106.62342408500007,-6.867131840999946]},"properties":{"FID":89,"NAMOBJ":" ","LUAS":0,"FGSIBD":1,"FCODE":" ","REMARK":"Masjid","SRS_ID":" ","LCODE":"GF0020","METADATA":" ","KATPDK":0,"JLPDDK":0,"FGGPDK":0,"JJGPDF":0,"JNSPDL":0,"FGSGOV":0,"Skor_Risk":1,"banjir":0.0,"banjir_bandang":0.0,"gempabumi":2.0,"gunungapi":0.0,"tanahlongsor":3.0,"tsunami":0.0,"risk":2.0,"elev_m":515.3434448242188}},{"type":"Feature","geometry":{"type":"Point","coordinates":[106.51164785600008,-6.863839389999953]},"properties":{"FID":90,"NAMOBJ":" ","LUAS":0,"FGSIBD":1,"FCODE":" ","REMARK":"Masjid","SRS_ID":" ","LCODE":"GF0020","METADATA":" ","KATPDK":0,"JLPDDK":0,"FGGPDK":0,"JJGPDF":0,"JNSPDL":0,"FGSGOV":0,"Skor_Risk":2,"banjir":0.0,"banjir_bandang":0.0,"gempabumi":2.0,"gunungapi":0.0,"tanahlongsor":3.0,"tsunami":0.0,"risk":3.0,"elev_m":599.4493408203125}},{"type":"Feature","geometry":{"type":"Point","coordinates":[106.55059057200003,-6.988331456999958]},"properties":{"FID":91,"NAMOBJ":"Masjid Agung Palabuhanratu","LUAS":0,"FGSIBD":1,"FCODE":" ","REMARK":"Masjid","SRS_ID":" ","LCODE":"GF0020","METADATA":" ","KATPDK":0,"JLPDDK":0,"FGGPDK":0,"JJGPDF":0,"JNSPDL":0,"FGSGOV":0,"Skor_Risk":2,"banjir":2.0,"banjir_bandang":0.0,"gempabumi":3.0,"gunungapi":0.0,"tanahlongsor":0.0,"tsunami":3.0,"risk":3.0,"elev_m":16.12186050415039}},{"type":"Feature","geometry":{"type":"Point","coordinates":[106.59560525700005,-6.8939757979999285]},"properties":{"FID":92,"NAMOBJ":"Masjid Jami Al Amaliah","LUAS":0,"FGSIBD":1,"FCODE":" ","REMARK":"Masjid","SRS_ID":" ","LCODE":"GF0020","METADATA":" ","KATPDK":0,"JLPDDK":0,"FGGPDK":0,"JJGPDF":0,"JNSPDL":0,"FGSGOV":0,"Skor_Risk":2,"banjir":0.0,"banjir_bandang":0.0,"gempabumi":2.0,"gunungapi":0.0,"tanahlongsor":3.0,"tsunami":0.0,"risk":3.0,"elev_m":454.6061706542969}},{"type":"Feature","geometry":{"type":"Point","coordinates":[106.60696163600005,-6.896885578999957]},"properties":{"FID":93,"NAMOBJ":"Masjid Babakan","LUAS":0,"FGSIBD":1,"FCODE":" ","REMARK":"Masjid","SRS_ID":" ","LCODE":"GF0020","METADATA":" ","KATPDK":0,"JLPDDK":0,"FGGPDK":0,"JJGPDF":0,"JNSPDL":0,"FGSGOV":0,"Skor_Risk":2,"banjir":0.0,"banjir_bandang":0.0,"gempabumi":2.0,"gunungapi":0.0,"tanahlongsor":2.0,"tsunami":0.0,"risk":3.0,"elev_m":358.9047546386719}},{"type":"Feature","geometry":{"type":"Point","coordinates":[106.46393996700004,-6.926627258999929]},"properties":{"FID":94,"NAMOBJ":"Masjid Cimareme","LUAS":0,"FGSIBD":1,"FCODE":" ","REMARK":"Masjid","SRS_ID":" ","LCODE":"GF0020","METADATA":" ","KATPDK":0,"JLPDDK":0,"FGGPDK":0,"JJGPDF":0,"JNSPDL":0,"FGSGOV":0,"Skor_Risk":2,"banjir":0.0,"banjir_bandang":0.0,"gempabumi":0.0,"gunungapi":0.0,"tanahlongsor":0.0,"tsunami":0.0,"risk":3.0,"elev_m":175.3588409423828}},{"type":"Feature","geometry":{"type":"Point","coordinates":[106.46226206500006,-6.934219593999956]},"properties":{"FID":95,"NAMOBJ":"Masjid Simpang","LUAS":0,"FGSIBD":1,"FCODE":" ","REMARK":"Masjid","SRS_ID":" ","LCODE":"GF0020","METADATA":" ","KATPDK":0,"JLPDDK":0,"FGGPDK":0,"JJGPDF":0,"JNSPDL":0,"FGSGOV":0,"Skor_Risk":2,"banjir":0.0,"banjir_bandang":0.0,"gempabumi":0.0,"gunungapi":0.0,"tanahlongsor":0.0,"tsunami":0.0,"risk":3.0,"elev_m":145.824951171875}},{"type":"Feature","geometry":{"type":"Point","coordinates":[106.46356908700005,-6.944262454999944]},"properties":{"FID":96,"NAMOBJ":"Masjid Sukatani","LUAS":0,"FGSIBD":1,"FCODE":" ","REMARK":"Masjid","SRS_ID":" ","LCODE":"GF0020","METADATA":" ","KATPDK":0,"JLPDDK":0,"FGGPDK":0,"JJGPDF":0,"JNSPDL":0,"FGSGOV":0,"Skor_Risk":1,"banjir":0.0,"banjir_bandang":0.0,"gempabumi":0.0,"gunungapi":0.0,"tanahlongsor":0.0,"tsunami":0.0,"risk":3.0,"elev_m":107.32057189941406}},{"type":"Feature","geometry":{"type":"Point","coordinates":[106.46986766100008,-6.93548022799996]},"properties":{"FID":97,"NAMOBJ":"Masjid Cikondang","LUAS":0,"FGSIBD":1,"FCODE":" ","REMARK":"Masjid","SRS_ID":" ","LCODE":"GF0020","METADATA":" ","KATPDK":0,"JLPDDK":0,"FGGPDK":0,"JJGPDF":0,"JNSPDL":0,"FGSGOV":0,"Skor_Risk":2,"banjir":0.0,"banjir_bandang":0.0,"gempabumi":0.0,"gunungapi":0.0,"tanahlongsor":0.0,"tsunami":0.0,"risk":3.0,"elev_m":122.5611572265625}},{"type":"Feature","geometry":{"type":"Point","coordinates":[106.56038397900005,-6.9283460099999274]},"properties":{"FID":98,"NAMOBJ":"Masjid Citespong","LUAS":0,"FGSIBD":1,"FCODE":" ","REMARK":"Masjid","SRS_ID":" ","LCODE":"GF0020","METADATA":" ","KATPDK":0,"JLPDDK":0,"FGGPDK":0,"JJGPDF":0,"JNSPDL":0,"FGSGOV":0,"Skor_Risk":2,"banjir":0.0,"banjir_bandang":0.0,"gempabumi":2.0,"gunungapi":0.0,"tanahlongsor":3.0,"tsunami":0.0,"risk":3.0,"elev_m":329.1567077636719}},{"type":"Feature","geometry":{"type":"Point","coordinates":[106.61773421600009,-6.8421783069999265]},"properties":{"FID":99,"NAMOBJ":"Masjid Ciangrit","LUAS":0,"FGSIBD":1,"FCODE":" ","REMARK":"Masjid","SRS_ID":" ","LCODE":"GF0020","METADATA":" ","KATPDK":0,"JLPDDK":0,"FGGPDK":0,"JJGPDF":0,"JNSPDL":0,"FGSGOV":0,"Skor_Risk":2,"banjir":0.0,"banjir_bandang":0.0,"gempabumi":2.0,"gunungapi":0.0,"tanahlongsor":3.0,"tsunami":0.0,"risk":3.0,"elev_m":675.67626953125}},{"type":"Feature","geometry":{"type":"Point","coordinates":[106.56187413600009,-6.94667067499995]},"properties":{"FID":100,"NAMOBJ":"Masjid Cimanggu","LUAS":0,"FGSIBD":1,"FCODE":" ","REMARK":"Masjid","SRS_ID":" ","LCODE":"GF0020","METADATA":" ","KATPDK":0,"JLPDDK":0,"FGGPDK":0,"JJGPDF":0,"JNSPDL":0,"FGSGOV":0,"Skor_Risk":2,"banjir":0.0,"banjir_bandang":0.0,"gempabumi":3.0,"gunungapi":0.0,"tanahlongsor":0.0,"tsunami":0.0,"risk":3.0,"elev_m":264.59930419921875}},{"type":"Feature","geometry":{"type":"Point","coordinates":[106.56417798700005,-6.942792804999954]},"properties":{"FID":101,"NAMOBJ":"Masjid Nurul Huda","LUAS":0,"FGSIBD":1,"FCODE":" ","REMARK":"Masjid","SRS_ID":" ","LCODE":"GF0020","METADATA":" ","KATPDK":0,"JLPDDK":0,"FGGPDK":0,"JJGPDF":0,"JNSPDL":0,"FGSGOV":0,"Skor_Risk":2,"banjir":0.0,"banjir_bandang":0.0,"gempabumi":3.0,"gunungapi":0.0,"tanahlongsor":3.0,"tsunami":0.0,"risk":3.0,"elev_m":289.3580017089844}},{"type":"Feature","geometry":{"type":"Point","coordinates":[106.46364749900005,-6.884478200999979]},"properties":{"FID":102,"NAMOBJ":"Masjid Al Ikhlas","LUAS":0,"FGSIBD":1,"FCODE":" ","REMARK":"Masjid","SRS_ID":" ","LCODE":"GF0020","METADATA":" ","KATPDK":0,"JLPDDK":0,"FGGPDK":0,"JJGPDF":0,"JNSPDL":0,"FGSGOV":0,"Skor_Risk":2,"banjir":0.0,"banjir_bandang":0.0,"gempabumi":3.0,"gunungapi":0.0,"tanahlongsor":0.0,"tsunami":0.0,"risk":3.0,"elev_m":503.7352294921875}},{"type":"Feature","geometry":{"type":"Point","coordinates":[106.46665789700006,-7.221796214999927]},"properties":{"FID":103,"NAMOBJ":"Masjid Mekarsakti","LUAS":0,"FGSIBD":1,"FCODE":" ","REMARK":"Masjid","SRS_ID":" ","LCODE":"GF0020","METADATA":" ","KATPDK":0,"JLPDDK":0,"FGGPDK":0,"JJGPDF":0,"JNSPDL":0,"FGSGOV":0,"Skor_Risk":2,"banjir":0.0,"banjir_bandang":0.0,"gempabumi":3.0,"gunungapi":0.0,"tanahlongsor":0.0,"tsunami":0.0,"risk":3.0,"elev_m":12.027231216430664}},{"type":"Feature","geometry":{"type":"Point","coordinates":[106.82654800000006,-6.941806999999926]},"properties":{"FID":104,"NAMOBJ":"Masjid Jami Abdul Qadir Ibrahim","LUAS":0,"FGSIBD":1,"FCODE":" ","REMARK":"Masjid","SRS_ID":" ","LCODE":"GF0020","METADATA":" ","KATPDK":0,"JLPDDK":0,"FGGPDK":0,"JJGPDF":0,"JNSPDL":0,"FGSGOV":0,"Skor_Risk":2,"banjir":0.0,"banjir_bandang":0.0,"gempabumi":3.0,"gunungapi":0.0,"tanahlongsor":0.0,"tsunami":0.0,"risk":2.0,"elev_m":547.73291015625}},{"type":"Feature","geometry":{"type":"Point","coordinates":[106.82030089600005,-6.94097772799995]},"properties":{"FID":105,"NAMOBJ":"Masjid At Taubah","LUAS":0,"FGSIBD":1,"FCODE":" ","REMARK":"Masjid","SRS_ID":" ","LCODE":"GF0020","METADATA":" ","KATPDK":0,"JLPDDK":0,"FGGPDK":0,"JJGPDF":0,"JNSPDL":0,"FGSGOV":0,"Skor_Risk":2,"banjir":0.0,"banjir_bandang":2.0,"gempabumi":3.0,"gunungapi":0.0,"tanahlongsor":0.0,"tsunami":0.0,"risk":3.0,"elev_m":560.38427734375}},{"type":"Feature","geometry":{"type":"Point","coordinates":[106.87145900000007,-6.9037609999999745]},"properties":{"FID":106,"NAMOBJ":"Masjid Nurul Iman","LUAS":0,"FGSIBD":1,"FCODE":" ","REMARK":"Masjid","SRS_ID":" ","LCODE":"GF0020","METADATA":" ","KATPDK":0,"JLPDDK":0,"FGGPDK":0,"JJGPDF":0,"JNSPDL":0,"FGSGOV":0,"Skor_Risk":2,"banjir":0.0,"banjir_bandang":0.0,"gempabumi":2.0,"gunungapi":0.0,"tanahlongsor":3.0,"tsunami":0.0,"risk":3.0,"elev_m":570.8836669921875}},{"type":"Feature","geometry":{"type":"Point","coordinates":[106.87401200000005,-6.900150999999937]},"properties":{"FID":107,"NAMOBJ":"Masjid Nurul Islam","LUAS":0,"FGSIBD":1,"FCODE":" ","REMARK":"Masjid","SRS_ID":" ","LCODE":"GF0020","METADATA":" ","KATPDK":0,"JLPDDK":0,"FGGPDK":0,"JJGPDF":0,"JNSPDL":0,"FGSGOV":0,"Skor_Risk":2,"banjir":0.0,"banjir_bandang":0.0,"gempabumi":2.0,"gunungapi":0.0,"tanahlongsor":3.0,"tsunami":0.0,"risk":3.0,"elev_m":582.7530517578125}},{"type":"Feature","geometry":{"type":"Point","coordinates":[106.84565800000007,-6.906737999999962]},"properties":{"FID":108,"NAMOBJ":"Masjid Asharifiyah","LUAS":0,"FGSIBD":1,"FCODE":" ","REMARK":"Masjid","SRS_ID":" ","LCODE":"GF0020","METADATA":" ","KATPDK":0,"JLPDDK":0,"FGGPDK":0,"JJGPDF":0,"JNSPDL":0,"FGSGOV":0,"Skor_Risk":2,"banjir":0.0,"banjir_bandang":0.0,"gempabumi":2.0,"gunungapi":0.0,"tanahlongsor":3.0,"tsunami":0.0,"risk":3.0,"elev_m":518.9406127929688}},{"type":"Feature","geometry":{"type":"Point","coordinates":[106.83306747800003,-6.978822519999937]},"properties":{"FID":109,"NAMOBJ":"Masjid Nurul Iman","LUAS":0,"FGSIBD":1,"FCODE":" ","REMARK":"Masjid","SRS_ID":" ","LCODE":"GF0020","METADATA":" ","KATPDK":0,"JLPDDK":0,"FGGPDK":0,"JJGPDF":0,"JNSPDL":0,"FGSGOV":0,"Skor_Risk":2,"banjir":0.0,"banjir_bandang":0.0,"gempabumi":3.0,"gunungapi":0.0,"tanahlongsor":3.0,"tsunami":0.0,"risk":3.0,"elev_m":377.4882507324219}},{"type":"Feature","geometry":{"type":"Point","coordinates":[106.84844200000003,-6.931767999999977]},"properties":{"FID":110,"NAMOBJ":"Masjid Cicantayan","LUAS":0,"FGSIBD":1,"FCODE":" ","REMARK":"Masjid","SRS_ID":" ","LCODE":"GF0020","METADATA":" ","KATPDK":0,"JLPDDK":0,"FGGPDK":0,"JJGPDF":0,"JNSPDL":0,"FGSGOV":0,"Skor_Risk":2,"banjir":0.0,"banjir_bandang":0.0,"gempabumi":3.0,"gunungapi":0.0,"tanahlongsor":0.0,"tsunami":0.0,"risk":3.0,"elev_m":490.660888671875}},{"type":"Feature","geometry":{"type":"Point","coordinates":[106.87525566000005,-6.874807053999973]},"properties":{"FID":111,"NAMOBJ":"Masjid Inayatillah","LUAS":0,"FGSIBD":1,"FCODE":" ","REMARK":"Masjid","SRS_ID":" ","LCODE":"GF0020","METADATA":" ","KATPDK":0,"JLPDDK":0,"FGGPDK":0,"JJGPDF":0,"JNSPDL":0,"FGSGOV":0,"Skor_Risk":1,"banjir":0.0,"banjir_bandang":0.0,"gempabumi":3.0,"gunungapi":0.0,"tanahlongsor":0.0,"tsunami":0.0,"risk":3.0,"elev_m":686.9240112304688}},{"type":"Feature","geometry":{"type":"Point","coordinates":[106.70094810400008,-7.134959119999962]},"properties":{"FID":112,"NAMOBJ":"Masjid Awaliyah","LUAS":0,"FGSIBD":1,"FCODE":" ","REMARK":"Masjid","SRS_ID":" ","LCODE":"GF0020","METADATA":" ","KATPDK":0,"JLPDDK":0,"FGGPDK":0,"JJGPDF":0,"JNSPDL":0,"FGSGOV":0,"Skor_Risk":2,"banjir":0.0,"banjir_bandang":0.0,"gempabumi":3.0,"gunungapi":0.0,"tanahlongsor":1.0,"tsunami":0.0,"risk":3.0,"elev_m":603.651611328125}},{"type":"Feature","geometry":{"type":"Point","coordinates":[106.67942822800006,-7.160264843999926]},"properties":{"FID":113,"NAMOBJ":"Masjid Lengkong","LUAS":0,"FGSIBD":1,"FCODE":" ","REMARK":"Masjid","SRS_ID":" ","LCODE":"GF0020","METADATA":" ","KATPDK":0,"JLPDDK":0,"FGGPDK":0,"JJGPDF":0,"JNSPDL":0,"FGSGOV":0,"Skor_Risk":2,"banjir":0.0,"banjir_bandang":0.0,"gempabumi":2.0,"gunungapi":0.0,"tanahlongsor":3.0,"tsunami":0.0,"risk":3.0,"elev_m":697.7611083984375}},{"type":"Feature","geometry":{"type":"Point","coordinates":[106.71753030300005,-7.014536977999967]},"properties":{"FID":114,"NAMOBJ":"Masjid Al Hikmah","LUAS":0,"FGSIBD":1,"FCODE":" ","REMARK":"Masjid","SRS_ID":" ","LCODE":"GF0020","METADATA":" ","KATPDK":0,"JLPDDK":0,"FGGPDK":0,"JJGPDF":0,"JNSPDL":0,"FGSGOV":0,"Skor_Risk":2,"banjir":0.0,"banjir_bandang":0.0,"gempabumi":3.0,"gunungapi":0.0,"tanahlongsor":3.0,"tsunami":0.0,"risk":3.0,"elev_m":205.3057861328125}},{"type":"Feature","geometry":{"type":"Point","coordinates":[106.93226653500005,-7.179555179999966]},"properties":{"FID":115,"NAMOBJ":"Mushola Nagrakjaya","LUAS":0,"FGSIBD":1,"FCODE":" ","REMARK":"Masjid","SRS_ID":" ","LCODE":"GF0020","METADATA":" ","KATPDK":0,"JLPDDK":0,"FGGPDK":0,"JJGPDF":0,"JNSPDL":0,"FGSGOV":0,"Skor_Risk":1,"banjir":0.0,"banjir_bandang":3.0,"gempabumi":2.0,"gunungapi":0.0,"tanahlongsor":0.0,"tsunami":0.0,"risk":3.0,"elev_m":555.0411987304688}},{"type":"Feature","geometry":{"type":"Point","coordinates":[106.78534179900004,-7.110833488999958]},"properties":{"FID":116,"NAMOBJ":"Masjid At Taqwa","LUAS":0,"FGSIBD":1,"FCODE":" ","REMARK":"Masjid","SRS_ID":" ","LCODE":"GF0020","METADATA":" ","KATPDK":0,"JLPDDK":0,"FGGPDK":0,"JJGPDF":0,"JNSPDL":0,"FGSGOV":0,"Skor_Risk":2,"banjir":0.0,"banjir_bandang":0.0,"gempabumi":3.0,"gunungapi":0.0,"tanahlongsor":0.0,"tsunami":0.0,"risk":3.0,"elev_m":531.4839477539062}},{"type":"Feature","geometry":{"type":"Point","coordinates":[106.84215299700008,-7.1065937539999595]},"properties":{"FID":117,"NAMOBJ":"Masjid Jami Faitul Ulum","LUAS":0,"FGSIBD":1,"FCODE":" ","REMARK":"Masjid","SRS_ID":" ","LCODE":"GF0020","METADATA":" ","KATPDK":0,"JLPDDK":0,"FGGPDK":0,"JJGPDF":0,"JNSPDL":0,"FGSGOV":0,"Skor_Risk":2,"banjir":0.0,"banjir_bandang":0.0,"gempabumi":3.0,"gunungapi":0.0,"tanahlongsor":0.0,"tsunami":0.0,"risk":2.0,"elev_m":539.8480224609375}},{"type":"Feature","geometry":{"type":"Point","coordinates":[106.84349460500005,-7.115924236999945]},"properties":{"FID":118,"NAMOBJ":"Masjid Al Muawanas","LUAS":0,"FGSIBD":1,"FCODE":" ","REMARK":"Masjid","SRS_ID":" ","LCODE":"GF0020","METADATA":" ","KATPDK":0,"JLPDDK":0,"FGGPDK":0,"JJGPDF":0,"JNSPDL":0,"FGSGOV":0,"Skor_Risk":2,"banjir":0.0,"banjir_bandang":0.0,"gempabumi":3.0,"gunungapi":0.0,"tanahlongsor":0.0,"tsunami":0.0,"risk":3.0,"elev_m":527.2495727539062}},{"type":"Feature","geometry":{"type":"Point","coordinates":[106.84720442200006,-7.00385493999994]},"properties":{"FID":119,"NAMOBJ":"Masjid Jami Nurul Iklas","LUAS":0,"FGSIBD":1,"FCODE":" ","REMARK":"Masjid","SRS_ID":" ","LCODE":"GF0020","METADATA":" ","KATPDK":0,"JLPDDK":0,"FGGPDK":0,"JJGPDF":0,"JNSPDL":0,"FGSGOV":0,"Skor_Risk":2,"banjir":0.0,"banjir_bandang":0.0,"gempabumi":3.0,"gunungapi":0.0,"tanahlongsor":2.0,"tsunami":0.0,"risk":2.0,"elev_m":304.2342224121094}},{"type":"Feature","geometry":{"type":"Point","coordinates":[106.76452679100004,-7.095667196999955]},"properties":{"FID":120,"NAMOBJ":"Masjid Nur Faba","LUAS":0,"FGSIBD":1,"FCODE":" ","REMARK":"Masjid","SRS_ID":" ","LCODE":"GF0020","METADATA":" ","KATPDK":0,"JLPDDK":0,"FGGPDK":0,"JJGPDF":0,"JNSPDL":0,"FGSGOV":0,"Skor_Risk":2,"banjir":0.0,"banjir_bandang":0.0,"gempabumi":3.0,"gunungapi":0.0,"tanahlongsor":3.0,"tsunami":0.0,"risk":3.0,"elev_m":557.363525390625}},{"type":"Feature","geometry":{"type":"Point","coordinates":[106.82937520500008,-7.018674714999975]},"properties":{"FID":121,"NAMOBJ":"Masjid Sindangresmi","LUAS":0,"FGSIBD":1,"FCODE":" ","REMARK":"Masjid","SRS_ID":" ","LCODE":"GF0020","METADATA":" ","KATPDK":0,"JLPDDK":0,"FGGPDK":0,"JJGPDF":0,"JNSPDL":0,"FGSGOV":0,"Skor_Risk":2,"banjir":0.0,"banjir_bandang":0.0,"gempabumi":3.0,"gunungapi":0.0,"tanahlongsor":0.0,"tsunami":0.0,"risk":2.0,"elev_m":348.12811279296875}},{"type":"Feature","geometry":{"type":"Point","coordinates":[106.79007648700008,-7.033792321999954]},"properties":{"FID":122,"NAMOBJ":"Masjid Nur Ridho","LUAS":0,"FGSIBD":1,"FCODE":" ","REMARK":"Masjid","SRS_ID":" ","LCODE":"GF0020","METADATA":" ","KATPDK":0,"JLPDDK":0,"FGGPDK":0,"JJGPDF":0,"JNSPDL":0,"FGSGOV":0,"Skor_Risk":2,"banjir":0.0,"banjir_bandang":0.0,"gempabumi":3.0,"gunungapi":0.0,"tanahlongsor":2.0,"tsunami":0.0,"risk":3.0,"elev_m":434.5380554199219}},{"type":"Feature","geometry":{"type":"Point","coordinates":[106.78001761000007,-7.028950707999968]},"properties":{"FID":123,"NAMOBJ":"Masjid Jami Nurul Huda","LUAS":0,"FGSIBD":1,"FCODE":" ","REMARK":"Masjid","SRS_ID":" ","LCODE":"GF0020","METADATA":" ","KATPDK":0,"JLPDDK":0,"FGGPDK":0,"JJGPDF":0,"JNSPDL":0,"FGSGOV":0,"Skor_Risk":2,"banjir":0.0,"banjir_bandang":0.0,"gempabumi":3.0,"gunungapi":0.0,"tanahlongsor":2.0,"tsunami":0.0,"risk":3.0,"elev_m":389.293701171875}},{"type":"Feature","geometry":{"type":"Point","coordinates":[106.77613632700007,-7.0323699289999695]},"properties":{"FID":124,"NAMOBJ":"Masjid Cisaray","LUAS":0,"FGSIBD":1,"FCODE":" ","REMARK":"Masjid","SRS_ID":" ","LCODE":"GF0020","METADATA":" ","KATPDK":0,"JLPDDK":0,"FGGPDK":0,"JJGPDF":0,"JNSPDL":0,"FGSGOV":0,"Skor_Risk":2,"banjir":0.0,"banjir_bandang":0.0,"gempabumi":3.0,"gunungapi":0.0,"tanahlongsor":2.0,"tsunami":0.0,"risk":3.0,"elev_m":358.3357849121094}},{"type":"Feature","geometry":{"type":"Point","coordinates":[106.80564881200007,-7.000098106999928]},"properties":{"FID":125,"NAMOBJ":"Masjid Al Ikhlas","LUAS":0,"FGSIBD":1,"FCODE":" ","REMARK":"Masjid","SRS_ID":" ","LCODE":"GF0020","METADATA":" ","KATPDK":0,"JLPDDK":0,"FGGPDK":0,"JJGPDF":0,"JNSPDL":0,"FGSGOV":0,"Skor_Risk":2,"banjir":0.0,"banjir_bandang":0.0,"gempabumi":3.0,"gunungapi":0.0,"tanahlongsor":0.0,"tsunami":0.0,"risk":3.0,"elev_m":270.1300048828125}},{"type":"Feature","geometry":{"type":"Point","coordinates":[106.81396116000008,-7.004440755999951]},"properties":{"FID":126,"NAMOBJ":"Masjid Al Ibta","LUAS":0,"FGSIBD":1,"FCODE":" ","REMARK":"Masjid","SRS_ID":" ","LCODE":"GF0020","METADATA":" ","KATPDK":0,"JLPDDK":0,"FGGPDK":0,"JJGPDF":0,"JNSPDL":0,"FGSGOV":0,"Skor_Risk":1,"banjir":0.0,"banjir_bandang":0.0,"gempabumi":3.0,"gunungapi":0.0,"tanahlongsor":0.0,"tsunami":0.0,"risk":3.0,"elev_m":281.7001953125}},{"type":"Feature","geometry":{"type":"Point","coordinates":[106.82372718200008,-7.0028837719999615]},"properties":{"FID":127,"NAMOBJ":"Masjid Jami Nurul Iksan","LUAS":0,"FGSIBD":1,"FCODE":" ","REMARK":"Masjid","SRS_ID":" ","LCODE":"GF0020","METADATA":" ","KATPDK":0,"JLPDDK":0,"FGGPDK":0,"JJGPDF":0,"JNSPDL":0,"FGSGOV":0,"Skor_Risk":2,"banjir":0.0,"banjir_bandang":0.0,"gempabumi":3.0,"gunungapi":0.0,"tanahlongsor":2.0,"tsunami":0.0,"risk":2.0,"elev_m":277.4586486816406}},{"type":"Feature","geometry":{"type":"Point","coordinates":[106.84115241300009,-7.012598985999944]},"properties":{"FID":128,"NAMOBJ":"Masjid Jami Al Maudatu Al Hasanah","LUAS":0,"FGSIBD":1,"FCODE":" ","REMARK":"Masjid","SRS_ID":" ","LCODE":"GF0020","METADATA":" ","KATPDK":0,"JLPDDK":0,"FGGPDK":0,"JJGPDF":0,"JNSPDL":0,"FGSGOV":0,"Skor_Risk":2,"banjir":3.0,"banjir_bandang":0.0,"gempabumi":3.0,"gunungapi":0.0,"tanahlongsor":0.0,"tsunami":0.0,"risk":3.0,"elev_m":381.3566589355469}},{"type":"Feature","geometry":{"type":"Point","coordinates":[106.83807477900007,-7.01055718799995]},"properties":{"FID":129,"NAMOBJ":"Masjid Al Hikmah","LUAS":0,"FGSIBD":1,"FCODE":" ","REMARK":"Masjid","SRS_ID":" ","LCODE":"GF0020","METADATA":" ","KATPDK":0,"JLPDDK":0,"FGGPDK":0,"JJGPDF":0,"JNSPDL":0,"FGSGOV":0,"Skor_Risk":2,"banjir":0.0,"banjir_bandang":3.0,"gempabumi":3.0,"gunungapi":0.0,"tanahlongsor":0.0,"tsunami":0.0,"risk":2.0,"elev_m":339.39764404296875}},{"type":"Feature","geometry":{"type":"Point","coordinates":[106.82208898500005,-7.01037503799995]},"properties":{"FID":130,"NAMOBJ":"Masjid Nurul Iman","LUAS":0,"FGSIBD":1,"FCODE":" ","REMARK":"Masjid","SRS_ID":" ","LCODE":"GF0020","METADATA":" ","KATPDK":0,"JLPDDK":0,"FGGPDK":0,"JJGPDF":0,"JNSPDL":0,"FGSGOV":0,"Skor_Risk":2,"banjir":0.0,"banjir_bandang":0.0,"gempabumi":3.0,"gunungapi":0.0,"tanahlongsor":0.0,"tsunami":0.0,"risk":3.0,"elev_m":293.02691650390625}},{"type":"Feature","geometry":{"type":"Point","coordinates":[106.81598100800005,-7.038118969999971]},"properties":{"FID":131,"NAMOBJ":"Masjid Al Mubarokah","LUAS":0,"FGSIBD":1,"FCODE":" ","REMARK":"Masjid","SRS_ID":" ","LCODE":"GF0020","METADATA":" ","KATPDK":0,"JLPDDK":0,"FGGPDK":0,"JJGPDF":0,"JNSPDL":0,"FGSGOV":0,"Skor_Risk":2,"banjir":0.0,"banjir_bandang":0.0,"gempabumi":3.0,"gunungapi":0.0,"tanahlongsor":1.0,"tsunami":0.0,"risk":3.0,"elev_m":642.375244140625}},{"type":"Feature","geometry":{"type":"Point","coordinates":[106.93430699400005,-7.042698002999941]},"properties":{"FID":132,"NAMOBJ":"Masjid Jami Hidayahtul AlFalah","LUAS":0,"FGSIBD":1,"FCODE":" ","REMARK":"Masjid","SRS_ID":" ","LCODE":"GF0020","METADATA":" ","KATPDK":0,"JLPDDK":0,"FGGPDK":0,"JJGPDF":0,"JNSPDL":0,"FGSGOV":0,"Skor_Risk":2,"banjir":0.0,"banjir_bandang":0.0,"gempabumi":3.0,"gunungapi":0.0,"tanahlongsor":3.0,"tsunami":0.0,"risk":3.0,"elev_m":917.023681640625}},{"type":"Feature","geometry":{"type":"Point","coordinates":[107.02786495900006,-6.870294995999927]},"properties":{"FID":133,"NAMOBJ":"Masjid Dorifah","LUAS":0,"FGSIBD":1,"FCODE":" ","REMARK":"Masjid","SRS_ID":" ","LCODE":"GF0020","METADATA":" ","KATPDK":0,"JLPDDK":0,"FGGPDK":0,"JJGPDF":0,"JNSPDL":0,"FGSGOV":0,"Skor_Risk":2,"banjir":0.0,"banjir_bandang":0.0,"gempabumi":2.0,"gunungapi":0.0,"tanahlongsor":3.0,"tsunami":0.0,"risk":3.0,"elev_m":894.586181640625}},{"type":"Feature","geometry":{"type":"Point","coordinates":[106.41147246300005,-6.93683180499994]},"properties":{"FID":134,"NAMOBJ":" ","LUAS":0,"FGSIBD":0,"FCODE":" ","REMARK":"Pendidikan/Penelitian Lainnya","SRS_ID":" ","LCODE":"GE0020","METADATA":" ","KATPDK":0,"JLPDDK":0,"FGGPDK":999,"JJGPDF":999,"JNSPDL":0,"FGSGOV":0,"Skor_Risk":2,"banjir":0.0,"banjir_bandang":0.0,"gempabumi":0.0,"gunungapi":0.0,"tanahlongsor":0.0,"tsunami":0.0,"risk":2.0,"elev_m":305.85894775390625}},{"type":"Feature","geometry":{"type":"Point","coordinates":[106.39413712400005,-6.944109324999943]},"properties":{"FID":135,"NAMOBJ":" ","LUAS":0,"FGSIBD":0,"FCODE":" ","REMARK":"Pendidikan/Penelitian Lainnya","SRS_ID":" ","LCODE":"GE0020","METADATA":" ","KATPDK":0,"JLPDDK":0,"FGGPDK":999,"JJGPDF":999,"JNSPDL":0,"FGSGOV":0,"Skor_Risk":2,"banjir":0.0,"banjir_bandang":0.0,"gempabumi":0.0,"gunungapi":0.0,"tanahlongsor":0.0,"tsunami":0.0,"risk":3.0,"elev_m":92.31474304199219}},{"type":"Feature","geometry":{"type":"Point","coordinates":[106.41796813000008,-6.943975987999977]},"properties":{"FID":136,"NAMOBJ":" ","LUAS":0,"FGSIBD":0,"FCODE":" ","REMARK":"Pendidikan/Penelitian Lainnya","SRS_ID":" ","LCODE":"GE0020","METADATA":" ","KATPDK":0,"JLPDDK":0,"FGGPDK":999,"JJGPDF":999,"JNSPDL":0,"FGSGOV":0,"Skor_Risk":2,"banjir":0.0,"banjir_bandang":0.0,"gempabumi":0.0,"gunungapi":0.0,"tanahlongsor":0.0,"tsunami":0.0,"risk":2.0,"elev_m":227.05328369140625}},{"type":"Feature","geometry":{"type":"Point","coordinates":[106.45360028400006,-6.947110873999975]},"properties":{"FID":137,"NAMOBJ":" ","LUAS":0,"FGSIBD":0,"FCODE":" ","REMARK":"Pendidikan/Penelitian Lainnya","SRS_ID":" ","LCODE":"GE0020","METADATA":" ","KATPDK":0,"JLPDDK":0,"FGGPDK":999,"JJGPDF":999,"JNSPDL":0,"FGSGOV":0,"Skor_Risk":2,"banjir":0.0,"banjir_bandang":0.0,"gempabumi":0.0,"gunungapi":0.0,"tanahlongsor":0.0,"tsunami":0.0,"risk":3.0,"elev_m":31.599040985107422}},{"type":"Feature","geometry":{"type":"Point","coordinates":[106.49601444700005,-6.951062156999967]},"properties":{"FID":138,"NAMOBJ":" ","LUAS":0,"FGSIBD":0,"FCODE":" ","REMARK":"Pendidikan/Penelitian Lainnya","SRS_ID":" ","LCODE":"GE0020","METADATA":" ","KATPDK":0,"JLPDDK":0,"FGGPDK":999,"JJGPDF":999,"JNSPDL":0,"FGSGOV":0,"Skor_Risk":2,"banjir":0.0,"banjir_bandang":0.0,"gempabumi":0.0,"gunungapi":0.0,"tanahlongsor":0.0,"tsunami":0.0,"risk":2.0,"elev_m":110.26356506347656}},{"type":"Feature","geometry":{"type":"Point","coordinates":[106.48614123900006,-6.950744808999957]},"properties":{"FID":139,"NAMOBJ":" ","LUAS":0,"FGSIBD":0,"FCODE":" ","REMARK":"Pendidikan/Penelitian Lainnya","SRS_ID":" ","LCODE":"GE0020","METADATA":" ","KATPDK":0,"JLPDDK":0,"FGGPDK":999,"JJGPDF":999,"JNSPDL":0,"FGSGOV":0,"Skor_Risk":2,"banjir":0.0,"banjir_bandang":0.0,"gempabumi":0.0,"gunungapi":0.0,"tanahlongsor":0.0,"tsunami":0.0,"risk":3.0,"elev_m":23.602737426757812}},{"type":"Feature","geometry":{"type":"Point","coordinates":[106.47982622600006,-6.956264732999955]},"properties":{"FID":140,"NAMOBJ":" ","LUAS":0,"FGSIBD":0,"FCODE":" ","REMARK":"Pendidikan/Penelitian Lainnya","SRS_ID":" ","LCODE":"GE0020","METADATA":" ","KATPDK":0,"JLPDDK":0,"FGGPDK":999,"JJGPDF":999,"JNSPDL":0,"FGSGOV":0,"Skor_Risk":2,"banjir":0.0,"banjir_bandang":0.0,"gempabumi":0.0,"gunungapi":0.0,"tanahlongsor":0.0,"tsunami":0.0,"risk":3.0,"elev_m":19.982864379882812}},{"type":"Feature","geometry":{"type":"Point","coordinates":[106.47636754500007,-6.958366104999925]},"properties":{"FID":141,"NAMOBJ":" ","LUAS":0,"FGSIBD":0,"FCODE":" ","REMARK":"Pendidikan/Penelitian Lainnya","SRS_ID":" ","LCODE":"GE0020","METADATA":" ","KATPDK":0,"JLPDDK":0,"FGGPDK":999,"JJGPDF":999,"JNSPDL":0,"FGSGOV":0,"Skor_Risk":2,"banjir":0.0,"banjir_bandang":0.0,"gempabumi":0.0,"gunungapi":0.0,"tanahlongsor":0.0,"tsunami":0.0,"risk":3.0,"elev_m":34.58017349243164}},{"type":"Feature","geometry":{"type":"Point","coordinates":[106.46950839500005,-6.957342165999933]},"properties":{"FID":142,"NAMOBJ":" ","LUAS":0,"FGSIBD":0,"FCODE":" ","REMARK":"Pendidikan/Penelitian Lainnya","SRS_ID":" ","LCODE":"GE0020","METADATA":" ","KATPDK":0,"JLPDDK":0,"FGGPDK":999,"JJGPDF":999,"JNSPDL":0,"FGSGOV":0,"Skor_Risk":2,"banjir":0.0,"banjir_bandang":0.0,"gempabumi":0.0,"gunungapi":0.0,"tanahlongsor":0.0,"tsunami":0.0,"risk":3.0,"elev_m":22.19283676147461}},{"type":"Feature","geometry":{"type":"Point","coordinates":[106.46737640300006,-6.955862731999957]},"properties":{"FID":143,"NAMOBJ":" ","LUAS":0,"FGSIBD":0,"FCODE":" ","REMARK":"Pendidikan/Penelitian Lainnya","SRS_ID":" ","LCODE":"GE0020","METADATA":" ","KATPDK":0,"JLPDDK":0,"FGGPDK":999,"JJGPDF":999,"JNSPDL":0,"FGSGOV":0,"Skor_Risk":2,"banjir":0.0,"banjir_bandang":0.0,"gempabumi":0.0,"gunungapi":0.0,"tanahlongsor":0.0,"tsunami":0.0,"risk":3.0,"elev_m":23.898311614990234}},{"type":"Feature","geometry":{"type":"Point","coordinates":[106.44854763300003,-6.951047546999973]},"properties":{"FID":144,"NAMOBJ":" ","LUAS":0,"FGSIBD":0,"FCODE":" ","REMARK":"Pendidikan/Penelitian Lainnya","SRS_ID":" ","LCODE":"GE0020","METADATA":" ","KATPDK":0,"JLPDDK":0,"FGGPDK":999,"JJGPDF":999,"JNSPDL":0,"FGSGOV":0,"Skor_Risk":2,"banjir":0.0,"banjir_bandang":0.0,"gempabumi":0.0,"gunungapi":0.0,"tanahlongsor":0.0,"tsunami":0.0,"risk":3.0,"elev_m":14.029257774353027}},{"type":"Feature","geometry":{"type":"Point","coordinates":[106.44279303700006,-6.952546292999955]},"properties":{"FID":145,"NAMOBJ":" ","LUAS":0,"FGSIBD":0,"FCODE":" ","REMARK":"Pendidikan/Penelitian Lainnya","SRS_ID":" ","LCODE":"GE0020","METADATA":" ","KATPDK":0,"JLPDDK":0,"FGGPDK":999,"JJGPDF":999,"JNSPDL":0,"FGSGOV":0,"Skor_Risk":-9999,"banjir":0.0,"banjir_bandang":0.0,"gempabumi":0.0,"gunungapi":0.0,"tanahlongsor":0.0,"tsunami":0.0,"risk":3.0,"elev_m":4.650763511657715}},{"type":"Feature","geometry":{"type":"Point","coordinates":[106.42189759500008,-6.960125612999946]},"properties":{"FID":146,"NAMOBJ":" ","LUAS":0,"FGSIBD":0,"FCODE":" ","REMARK":"Pendidikan/Penelitian Lainnya","SRS_ID":" ","LCODE":"GE0020","METADATA":" ","KATPDK":0,"JLPDDK":0,"FGGPDK":999,"JJGPDF":999,"JNSPDL":0,"FGSGOV":0,"Skor_Risk":2,"banjir":0.0,"banjir_bandang":0.0,"gempabumi":0.0,"gunungapi":0.0,"tanahlongsor":0.0,"tsunami":0.0,"risk":1.0,"elev_m":null}},{"type":"Feature","geometry":{"type":"Point","coordinates":[106.42718736500007,-6.89719914899996]},"properties":{"FID":147,"NAMOBJ":" ","LUAS":0,"FGSIBD":0,"FCODE":" ","REMARK":"Pendidikan/Penelitian Lainnya","SRS_ID":" ","LCODE":"GE0020","METADATA":" ","KATPDK":0,"JLPDDK":0,"FGGPDK":999,"JJGPDF":999,"JNSPDL":0,"FGSGOV":0,"Skor_Risk":2,"banjir":0.0,"banjir_bandang":0.0,"gempabumi":2.0,"gunungapi":0.0,"tanahlongsor":3.0,"tsunami":0.0,"risk":3.0,"elev_m":583.6207275390625}},{"type":"Feature","geometry":{"type":"Point","coordinates":[106.46368649500005,-6.898516710999957]},"properties":{"FID":148,"NAMOBJ":" ","LUAS":0,"FGSIBD":0,"FCODE":" ","REMARK":"Pendidikan/Penelitian Lainnya","SRS_ID":" ","LCODE":"GE0020","METADATA":" ","KATPDK":0,"JLPDDK":0,"FGGPDK":999,"JJGPDF":999,"JNSPDL":0,"FGSGOV":0,"Skor_Risk":2,"banjir":0.0,"banjir_bandang":0.0,"gempabumi":3.0,"gunungapi":0.0,"tanahlongsor":0.0,"tsunami":0.0,"risk":3.0,"elev_m":422.1596374511719}},{"type":"Feature","geometry":{"type":"Point","coordinates":[106.49468931600006,-6.902336141999967]},"properties":{"FID":149,"NAMOBJ":" ","LUAS":0,"FGSIBD":0,"FCODE":" ","REMARK":"Pendidikan/Penelitian Lainnya","SRS_ID":" ","LCODE":"GE0020","METADATA":" ","KATPDK":0,"JLPDDK":0,"FGGPDK":999,"JJGPDF":999,"JNSPDL":0,"FGSGOV":0,"Skor_Risk":2,"banjir":0.0,"banjir_bandang":0.0,"gempabumi":2.0,"gunungapi":0.0,"tanahlongsor":0.0,"tsunami":0.0,"risk":3.0,"elev_m":294.85614013671875}},{"type":"Feature","geometry":{"type":"Point","coordinates":[106.46535074400003,-6.908211061999964]},"properties":{"FID":150,"NAMOBJ":" ","LUAS":0,"FGSIBD":0,"FCODE":" ","REMARK":"Pendidikan/Penelitian Lainnya","SRS_ID":" ","LCODE":"GE0020","METADATA":" ","KATPDK":0,"JLPDDK":0,"FGGPDK":999,"JJGPDF":999,"JNSPDL":0,"FGSGOV":0,"Skor_Risk":2,"banjir":0.0,"banjir_bandang":0.0,"gempabumi":2.0,"gunungapi":0.0,"tanahlongsor":0.0,"tsunami":0.0,"risk":2.0,"elev_m":326.0885009765625}},{"type":"Feature","geometry":{"type":"Point","coordinates":[106.40085690400008,-6.916527382999959]},"properties":{"FID":151,"NAMOBJ":" ","LUAS":0,"FGSIBD":0,"FCODE":" ","REMARK":"Pendidikan/Penelitian Lainnya","SRS_ID":" ","LCODE":"GE0020","METADATA":" ","KATPDK":0,"JLPDDK":0,"FGGPDK":999,"JJGPDF":999,"JNSPDL":0,"FGSGOV":0,"Skor_Risk":2,"banjir":0.0,"banjir_bandang":0.0,"gempabumi":2.0,"gunungapi":0.0,"tanahlongsor":3.0,"tsunami":0.0,"risk":3.0,"elev_m":141.4800567626953}},{"type":"Feature","geometry":{"type":"Point","coordinates":[106.40054975700008,-6.914067770999964]},"properties":{"FID":152,"NAMOBJ":" ","LUAS":0,"FGSIBD":0,"FCODE":" ","REMARK":"Pendidikan/Penelitian Lainnya","SRS_ID":" ","LCODE":"GE0020","METADATA":" ","KATPDK":0,"JLPDDK":0,"FGGPDK":999,"JJGPDF":999,"JNSPDL":0,"FGSGOV":0,"Skor_Risk":1,"banjir":0.0,"banjir_bandang":0.0,"gempabumi":2.0,"gunungapi":0.0,"tanahlongsor":3.0,"tsunami":0.0,"risk":3.0,"elev_m":170.62815856933594}},{"type":"Feature","geometry":{"type":"Point","coordinates":[106.44000167000007,-6.911306138999976]},"properties":{"FID":153,"NAMOBJ":" ","LUAS":0,"FGSIBD":0,"FCODE":" ","REMARK":"Pendidikan/Penelitian Lainnya","SRS_ID":" ","LCODE":"GE0020","METADATA":" ","KATPDK":0,"JLPDDK":0,"FGGPDK":999,"JJGPDF":999,"JNSPDL":0,"FGSGOV":0,"Skor_Risk":2,"banjir":0.0,"banjir_bandang":0.0,"gempabumi":0.0,"gunungapi":0.0,"tanahlongsor":0.0,"tsunami":0.0,"risk":1.0,"elev_m":472.3068542480469}},{"type":"Feature","geometry":{"type":"Point","coordinates":[106.46443974700009,-6.922511920999966]},"properties":{"FID":154,"NAMOBJ":" ","LUAS":0,"FGSIBD":0,"FCODE":" ","REMARK":"Pendidikan/Penelitian Lainnya","SRS_ID":" ","LCODE":"GE0020","METADATA":" ","KATPDK":0,"JLPDDK":0,"FGGPDK":999,"JJGPDF":999,"JNSPDL":0,"FGSGOV":0,"Skor_Risk":1,"banjir":0.0,"banjir_bandang":0.0,"gempabumi":0.0,"gunungapi":0.0,"tanahlongsor":0.0,"tsunami":0.0,"risk":1.0,"elev_m":197.98165893554688}},{"type":"Feature","geometry":{"type":"Point","coordinates":[106.46618725300004,-6.918075959999953]},"properties":{"FID":155,"NAMOBJ":" ","LUAS":0,"FGSIBD":0,"FCODE":" ","REMARK":"Pendidikan/Penelitian Lainnya","SRS_ID":" ","LCODE":"GE0020","METADATA":" ","KATPDK":0,"JLPDDK":0,"FGGPDK":999,"JJGPDF":999,"JNSPDL":0,"FGSGOV":0,"Skor_Risk":2,"banjir":0.0,"banjir_bandang":0.0,"gempabumi":0.0,"gunungapi":0.0,"tanahlongsor":0.0,"tsunami":0.0,"risk":3.0,"elev_m":228.93710327148438}},{"type":"Feature","geometry":{"type":"Point","coordinates":[106.47033467500006,-6.934417757999938]},"properties":{"FID":156,"NAMOBJ":" ","LUAS":0,"FGSIBD":0,"FCODE":" ","REMARK":"Pendidikan/Penelitian Lainnya","SRS_ID":" ","LCODE":"GE0020","METADATA":" ","KATPDK":0,"JLPDDK":0,"FGGPDK":999,"JJGPDF":999,"JNSPDL":0,"FGSGOV":0,"Skor_Risk":2,"banjir":0.0,"banjir_bandang":0.0,"gempabumi":0.0,"gunungapi":0.0,"tanahlongsor":0.0,"tsunami":0.0,"risk":3.0,"elev_m":125.13363647460938}},{"type":"Feature","geometry":{"type":"Point","coordinates":[106.46625406400005,-6.936919216999968]},"properties":{"FID":157,"NAMOBJ":" ","LUAS":0,"FGSIBD":0,"FCODE":" ","REMARK":"Pendidikan/Penelitian Lainnya","SRS_ID":" ","LCODE":"GE0020","METADATA":" ","KATPDK":0,"JLPDDK":0,"FGGPDK":999,"JJGPDF":999,"JNSPDL":0,"FGSGOV":0,"Skor_Risk":2,"banjir":0.0,"banjir_bandang":0.0,"gempabumi":0.0,"gunungapi":0.0,"tanahlongsor":0.0,"tsunami":0.0,"risk":2.0,"elev_m":127.93791961669922}},{"type":"Feature","geometry":{"type":"Point","coordinates":[106.49766640100006,-6.934437411999966]},"properties":{"FID":158,"NAMOBJ":" ","LUAS":0,"FGSIBD":0,"FCODE":" ","REMARK":"Pendidikan/Penelitian Lainnya","SRS_ID":" ","LCODE":"GE0020","METADATA":" ","KATPDK":0,"JLPDDK":0,"FGGPDK":999,"JJGPDF":999,"JNSPDL":0,"FGSGOV":0,"Skor_Risk":2,"banjir":0.0,"banjir_bandang":0.0,"gempabumi":0.0,"gunungapi":0.0,"tanahlongsor":0.0,"tsunami":0.0,"risk":3.0,"elev_m":175.6649627685547}},{"type":"Feature","geometry":{"type":"Point","coordinates":[106.44736073800004,-6.913035408999974]},"properties":{"FID":159,"NAMOBJ":" ","LUAS":0,"FGSIBD":0,"FCODE":" ","REMARK":"Pendidikan/Penelitian Lainnya","SRS_ID":" ","LCODE":"GE0020","METADATA":" ","KATPDK":0,"JLPDDK":0,"FGGPDK":999,"JJGPDF":999,"JNSPDL":0,"FGSGOV":0,"Skor_Risk":2,"banjir":0.0,"banjir_bandang":0.0,"gempabumi":0.0,"gunungapi":0.0,"tanahlongsor":0.0,"tsunami":0.0,"risk":3.0,"elev_m":259.3385009765625}},{"type":"Feature","geometry":{"type":"Point","coordinates":[106.44869047100008,-6.83536840499994]},"properties":{"FID":160,"NAMOBJ":" ","LUAS":0,"FGSIBD":0,"FCODE":" ","REMARK":"Pendidikan/Penelitian Lainnya","SRS_ID":" ","LCODE":"GE0020","METADATA":" ","KATPDK":0,"JLPDDK":0,"FGGPDK":999,"JJGPDF":999,"JNSPDL":0,"FGSGOV":0,"Skor_Risk":2,"banjir":0.0,"banjir_bandang":0.0,"gempabumi":2.0,"gunungapi":0.0,"tanahlongsor":3.0,"tsunami":0.0,"risk":2.0,"elev_m":618.6805419921875}},{"type":"Feature","geometry":{"type":"Point","coordinates":[106.49292429700006,-6.862049105999972]},"properties":{"FID":161,"NAMOBJ":" ","LUAS":0,"FGSIBD":0,"FCODE":" ","REMARK":"Pendidikan/Penelitian Lainnya","SRS_ID":" ","LCODE":"GE0020","METADATA":" ","KATPDK":0,"JLPDDK":0,"FGGPDK":999,"JJGPDF":999,"JNSPDL":0,"FGSGOV":0,"Skor_Risk":2,"banjir":0.0,"banjir_bandang":0.0,"gempabumi":2.0,"gunungapi":0.0,"tanahlongsor":3.0,"tsunami":0.0,"risk":3.0,"elev_m":546.6500244140625}},{"type":"Feature","geometry":{"type":"Point","coordinates":[106.45174636900003,-6.819639606999942]},"properties":{"FID":162,"NAMOBJ":" ","LUAS":0,"FGSIBD":0,"FCODE":" ","REMARK":"Pendidikan/Penelitian Lainnya","SRS_ID":" ","LCODE":"GE0020","METADATA":" ","KATPDK":0,"JLPDDK":0,"FGGPDK":999,"JJGPDF":999,"JNSPDL":0,"FGSGOV":0,"Skor_Risk":2,"banjir":0.0,"banjir_bandang":0.0,"gempabumi":2.0,"gunungapi":0.0,"tanahlongsor":3.0,"tsunami":0.0,"risk":3.0,"elev_m":726.711181640625}},{"type":"Feature","geometry":{"type":"Point","coordinates":[106.50264104400009,-6.9580814739999255]},"properties":{"FID":163,"NAMOBJ":" ","LUAS":0,"FGSIBD":0,"FCODE":" ","REMARK":"Pendidikan/Penelitian Lainnya","SRS_ID":" ","LCODE":"GE0020","METADATA":" ","KATPDK":0,"JLPDDK":0,"FGGPDK":999,"JJGPDF":999,"JNSPDL":0,"FGSGOV":0,"Skor_Risk":2,"banjir":0.0,"banjir_bandang":0.0,"gempabumi":0.0,"gunungapi":0.0,"tanahlongsor":0.0,"tsunami":0.0,"risk":3.0,"elev_m":33.016170501708984}},{"type":"Feature","geometry":{"type":"Point","coordinates":[106.50440568400006,-6.960835860999964]},"properties":{"FID":164,"NAMOBJ":" ","LUAS":0,"FGSIBD":0,"FCODE":" ","REMARK":"Pendidikan/Penelitian Lainnya","SRS_ID":" ","LCODE":"GE0020","METADATA":" ","KATPDK":0,"JLPDDK":0,"FGGPDK":999,"JJGPDF":999,"JNSPDL":0,"FGSGOV":0,"Skor_Risk":2,"banjir":0.0,"banjir_bandang":0.0,"gempabumi":0.0,"gunungapi":0.0,"tanahlongsor":0.0,"tsunami":0.0,"risk":1.0,"elev_m":54.04582977294922}},{"type":"Feature","geometry":{"type":"Point","coordinates":[106.60884925000005,-6.975382527999955]},"properties":{"FID":165,"NAMOBJ":" ","LUAS":0,"FGSIBD":0,"FCODE":" ","REMARK":"Pendidikan/Penelitian Lainnya","SRS_ID":" ","LCODE":"GE0020","METADATA":" ","KATPDK":0,"JLPDDK":0,"FGGPDK":999,"JJGPDF":999,"JNSPDL":0,"FGSGOV":0,"Skor_Risk":2,"banjir":0.0,"banjir_bandang":0.0,"gempabumi":3.0,"gunungapi":0.0,"tanahlongsor":3.0,"tsunami":0.0,"risk":3.0,"elev_m":137.47683715820312}},{"type":"Feature","geometry":{"type":"Point","coordinates":[106.60648630500003,-6.982881923999969]},"properties":{"FID":166,"NAMOBJ":" ","LUAS":0,"FGSIBD":0,"FCODE":" ","REMARK":"Pendidikan/Penelitian Lainnya","SRS_ID":" ","LCODE":"GE0020","METADATA":" ","KATPDK":0,"JLPDDK":0,"FGGPDK":999,"JJGPDF":999,"JNSPDL":0,"FGSGOV":0,"Skor_Risk":2,"banjir":0.0,"banjir_bandang":0.0,"gempabumi":2.0,"gunungapi":0.0,"tanahlongsor":3.0,"tsunami":0.0,"risk":3.0,"elev_m":185.11972045898438}},{"type":"Feature","geometry":{"type":"Point","coordinates":[106.54744216000006,-6.9810417779999625]},"properties":{"FID":167,"NAMOBJ":" ","LUAS":0,"FGSIBD":0,"FCODE":" ","REMARK":"Pendidikan/Penelitian Lainnya","SRS_ID":" ","LCODE":"GE0020","METADATA":" ","KATPDK":0,"JLPDDK":0,"FGGPDK":999,"JJGPDF":999,"JNSPDL":0,"FGSGOV":0,"Skor_Risk":2,"banjir":3.0,"banjir_bandang":3.0,"gempabumi":3.0,"gunungapi":0.0,"tanahlongsor":0.0,"tsunami":3.0,"risk":3.0,"elev_m":30.11309051513672}},{"type":"Feature","geometry":{"type":"Point","coordinates":[106.54754523200006,-6.981506959999933]},"properties":{"FID":168,"NAMOBJ":" ","LUAS":0,"FGSIBD":0,"FCODE":" ","REMARK":"Pendidikan/Penelitian Lainnya","SRS_ID":" ","LCODE":"GE0020","METADATA":" ","KATPDK":0,"JLPDDK":0,"FGGPDK":999,"JJGPDF":999,"JNSPDL":0,"FGSGOV":0,"Skor_Risk":2,"banjir":3.0,"banjir_bandang":3.0,"gempabumi":3.0,"gunungapi":0.0,"tanahlongsor":0.0,"tsunami":3.0,"risk":3.0,"elev_m":30.911746978759766}},{"type":"Feature","geometry":{"type":"Point","coordinates":[106.54963100600008,-6.989387368999928]},"properties":{"FID":169,"NAMOBJ":" ","LUAS":0,"FGSIBD":0,"FCODE":" ","REMARK":"Pendidikan/Penelitian Lainnya","SRS_ID":" ","LCODE":"GE0020","METADATA":" ","KATPDK":0,"JLPDDK":0,"FGGPDK":999,"JJGPDF":999,"JNSPDL":0,"FGSGOV":0,"Skor_Risk":2,"banjir":2.0,"banjir_bandang":0.0,"gempabumi":3.0,"gunungapi":0.0,"tanahlongsor":0.0,"tsunami":3.0,"risk":3.0,"elev_m":14.476531028747559}},{"type":"Feature","geometry":{"type":"Point","coordinates":[106.54969227900006,-6.990212135999968]},"properties":{"FID":170,"NAMOBJ":" ","LUAS":0,"FGSIBD":0,"FCODE":" ","REMARK":"Pendidikan/Penelitian Lainnya","SRS_ID":" ","LCODE":"GE0020","METADATA":" ","KATPDK":0,"JLPDDK":0,"FGGPDK":999,"JJGPDF":999,"JNSPDL":0,"FGSGOV":0,"Skor_Risk":2,"banjir":2.0,"banjir_bandang":0.0,"gempabumi":3.0,"gunungapi":0.0,"tanahlongsor":0.0,"tsunami":3.0,"risk":3.0,"elev_m":13.99816608428955}},{"type":"Feature","geometry":{"type":"Point","coordinates":[106.55200496700007,-6.9877310649999345]},"properties":{"FID":171,"NAMOBJ":" ","LUAS":0,"FGSIBD":0,"FCODE":" ","REMARK":"Pendidikan/Penelitian Lainnya","SRS_ID":" ","LCODE":"GE0020","METADATA":" ","KATPDK":0,"JLPDDK":0,"FGGPDK":999,"JJGPDF":999,"JNSPDL":0,"FGSGOV":0,"Skor_Risk":2,"banjir":2.0,"banjir_bandang":0.0,"gempabumi":3.0,"gunungapi":0.0,"tanahlongsor":0.0,"tsunami":3.0,"risk":3.0,"elev_m":22.162311553955078}},{"type":"Feature","geometry":{"type":"Point","coordinates":[106.55410522300008,-6.987881215999948]},"properties":{"FID":172,"NAMOBJ":" ","LUAS":0,"FGSIBD":0,"FCODE":" ","REMARK":"Pendidikan/Penelitian Lainnya","SRS_ID":" ","LCODE":"GE0020","METADATA":" ","KATPDK":0,"JLPDDK":0,"FGGPDK":999,"JJGPDF":999,"JNSPDL":0,"FGSGOV":0,"Skor_Risk":2,"banjir":2.0,"banjir_bandang":0.0,"gempabumi":3.0,"gunungapi":0.0,"tanahlongsor":0.0,"tsunami":3.0,"risk":3.0,"elev_m":26.079187393188477}},{"type":"Feature","geometry":{"type":"Point","coordinates":[106.55448773500007,-6.987457116999963]},"properties":{"FID":173,"NAMOBJ":" ","LUAS":0,"FGSIBD":0,"FCODE":" ","REMARK":"Pendidikan/Penelitian Lainnya","SRS_ID":" ","LCODE":"GE0020","METADATA":" ","KATPDK":0,"JLPDDK":0,"FGGPDK":999,"JJGPDF":999,"JNSPDL":0,"FGSGOV":0,"Skor_Risk":2,"banjir":2.0,"banjir_bandang":0.0,"gempabumi":3.0,"gunungapi":0.0,"tanahlongsor":0.0,"tsunami":3.0,"risk":3.0,"elev_m":27.680490493774414}},{"type":"Feature","geometry":{"type":"Point","coordinates":[106.55488616000008,-6.98801409899994]},"properties":{"FID":174,"NAMOBJ":" ","LUAS":0,"FGSIBD":0,"FCODE":" ","REMARK":"Pendidikan/Penelitian Lainnya","SRS_ID":" ","LCODE":"GE0020","METADATA":" ","KATPDK":0,"JLPDDK":0,"FGGPDK":999,"JJGPDF":999,"JNSPDL":0,"FGSGOV":0,"Skor_Risk":2,"banjir":2.0,"banjir_bandang":0.0,"gempabumi":3.0,"gunungapi":0.0,"tanahlongsor":0.0,"tsunami":3.0,"risk":3.0,"elev_m":30.177724838256836}},{"type":"Feature","geometry":{"type":"Point","coordinates":[106.55655691900006,-6.98828293899993]},"properties":{"FID":175,"NAMOBJ":" ","LUAS":0,"FGSIBD":0,"FCODE":" ","REMARK":"Pendidikan/Penelitian Lainnya","SRS_ID":" ","LCODE":"GE0020","METADATA":" ","KATPDK":0,"JLPDDK":0,"FGGPDK":999,"JJGPDF":999,"JNSPDL":0,"FGSGOV":0,"Skor_Risk":2,"banjir":2.0,"banjir_bandang":0.0,"gempabumi":3.0,"gunungapi":0.0,"tanahlongsor":0.0,"tsunami":0.0,"risk":3.0,"elev_m":38.38606262207031}},{"type":"Feature","geometry":{"type":"Point","coordinates":[106.61854843000003,-6.87662437299997]},"properties":{"FID":176,"NAMOBJ":" ","LUAS":0,"FGSIBD":0,"FCODE":" ","REMARK":"Pendidikan/Penelitian Lainnya","SRS_ID":" ","LCODE":"GE0020","METADATA":" ","KATPDK":0,"JLPDDK":0,"FGGPDK":999,"JJGPDF":999,"JNSPDL":0,"FGSGOV":0,"Skor_Risk":2,"banjir":0.0,"banjir_bandang":0.0,"gempabumi":2.0,"gunungapi":0.0,"tanahlongsor":3.0,"tsunami":0.0,"risk":2.0,"elev_m":435.5363464355469}},{"type":"Feature","geometry":{"type":"Point","coordinates":[106.61924798500007,-6.885132876999933]},"properties":{"FID":177,"NAMOBJ":" ","LUAS":0,"FGSIBD":0,"FCODE":" ","REMARK":"Pendidikan/Penelitian Lainnya","SRS_ID":" ","LCODE":"GE0020","METADATA":" ","KATPDK":0,"JLPDDK":0,"FGGPDK":999,"JJGPDF":999,"JNSPDL":0,"FGSGOV":0,"Skor_Risk":2,"banjir":0.0,"banjir_bandang":0.0,"gempabumi":2.0,"gunungapi":0.0,"tanahlongsor":3.0,"tsunami":0.0,"risk":3.0,"elev_m":374.5354919433594}},{"type":"Feature","geometry":{"type":"Point","coordinates":[106.61132297700004,-6.888516502999948]},"properties":{"FID":178,"NAMOBJ":" ","LUAS":0,"FGSIBD":0,"FCODE":" ","REMARK":"Pendidikan/Penelitian Lainnya","SRS_ID":" ","LCODE":"GE0020","METADATA":" ","KATPDK":0,"JLPDDK":0,"FGGPDK":999,"JJGPDF":999,"JNSPDL":0,"FGSGOV":0,"Skor_Risk":2,"banjir":0.0,"banjir_bandang":0.0,"gempabumi":2.0,"gunungapi":0.0,"tanahlongsor":3.0,"tsunami":0.0,"risk":2.0,"elev_m":415.1061706542969}},{"type":"Feature","geometry":{"type":"Point","coordinates":[106.61876334700008,-6.895580748999976]},"properties":{"FID":179,"NAMOBJ":" ","LUAS":0,"FGSIBD":0,"FCODE":" ","REMARK":"Pendidikan/Penelitian Lainnya","SRS_ID":" ","LCODE":"GE0020","METADATA":" ","KATPDK":0,"JLPDDK":0,"FGGPDK":999,"JJGPDF":999,"JNSPDL":0,"FGSGOV":0,"Skor_Risk":2,"banjir":0.0,"banjir_bandang":0.0,"gempabumi":2.0,"gunungapi":0.0,"tanahlongsor":3.0,"tsunami":0.0,"risk":2.0,"elev_m":322.97943115234375}},{"type":"Feature","geometry":{"type":"Point","coordinates":[106.61230922600004,-6.905183571999942]},"properties":{"FID":180,"NAMOBJ":" ","LUAS":0,"FGSIBD":0,"FCODE":" ","REMARK":"Pendidikan/Penelitian Lainnya","SRS_ID":" ","LCODE":"GE0020","METADATA":" ","KATPDK":0,"JLPDDK":0,"FGGPDK":999,"JJGPDF":999,"JNSPDL":0,"FGSGOV":0,"Skor_Risk":2,"banjir":0.0,"banjir_bandang":0.0,"gempabumi":2.0,"gunungapi":0.0,"tanahlongsor":3.0,"tsunami":0.0,"risk":2.0,"elev_m":335.19000244140625}},{"type":"Feature","geometry":{"type":"Point","coordinates":[106.60546422500005,-6.912128816999939]},"properties":{"FID":181,"NAMOBJ":" ","LUAS":0,"FGSIBD":0,"FCODE":" ","REMARK":"Pendidikan/Penelitian Lainnya","SRS_ID":" ","LCODE":"GE0020","METADATA":" ","KATPDK":0,"JLPDDK":0,"FGGPDK":999,"JJGPDF":999,"JNSPDL":0,"FGSGOV":0,"Skor_Risk":2,"banjir":0.0,"banjir_bandang":0.0,"gempabumi":3.0,"gunungapi":0.0,"tanahlongsor":3.0,"tsunami":0.0,"risk":2.0,"elev_m":297.2530822753906}},{"type":"Feature","geometry":{"type":"Point","coordinates":[106.60493659400004,-6.912341647999938]},"properties":{"FID":182,"NAMOBJ":" ","LUAS":0,"FGSIBD":0,"FCODE":" ","REMARK":"Pendidikan/Penelitian Lainnya","SRS_ID":" ","LCODE":"GE0020","METADATA":" ","KATPDK":0,"JLPDDK":0,"FGGPDK":999,"JJGPDF":999,"JNSPDL":0,"FGSGOV":0,"Skor_Risk":2,"banjir":0.0,"banjir_bandang":0.0,"gempabumi":3.0,"gunungapi":0.0,"tanahlongsor":3.0,"tsunami":0.0,"risk":1.0,"elev_m":296.9471740722656}},{"type":"Feature","geometry":{"type":"Point","coordinates":[106.51499922700003,-6.919018260999962]},"properties":{"FID":183,"NAMOBJ":" ","LUAS":0,"FGSIBD":0,"FCODE":" ","REMARK":"Pendidikan/Penelitian Lainnya","SRS_ID":" ","LCODE":"GE0020","METADATA":" ","KATPDK":0,"JLPDDK":0,"FGGPDK":999,"JJGPDF":999,"JNSPDL":0,"FGSGOV":0,"Skor_Risk":2,"banjir":0.0,"banjir_bandang":0.0,"gempabumi":2.0,"gunungapi":0.0,"tanahlongsor":0.0,"tsunami":0.0,"risk":2.0,"elev_m":345.46240234375}},{"type":"Feature","geometry":{"type":"Point","coordinates":[106.51077155400009,-6.92197734399997]},"properties":{"FID":184,"NAMOBJ":" ","LUAS":0,"FGSIBD":0,"FCODE":" ","REMARK":"Pendidikan/Penelitian Lainnya","SRS_ID":" ","LCODE":"GE0020","METADATA":" ","KATPDK":0,"JLPDDK":0,"FGGPDK":999,"JJGPDF":999,"JNSPDL":0,"FGSGOV":0,"Skor_Risk":2,"banjir":0.0,"banjir_bandang":0.0,"gempabumi":0.0,"gunungapi":0.0,"tanahlongsor":0.0,"tsunami":0.0,"risk":3.0,"elev_m":307.46319580078125}},{"type":"Feature","geometry":{"type":"Point","coordinates":[106.51087899300006,-6.922525726999936]},"properties":{"FID":185,"NAMOBJ":" ","LUAS":0,"FGSIBD":0,"FCODE":" ","REMARK":"Pendidikan/Penelitian Lainnya","SRS_ID":" ","LCODE":"GE0020","METADATA":" ","KATPDK":0,"JLPDDK":0,"FGGPDK":999,"JJGPDF":999,"JNSPDL":0,"FGSGOV":0,"Skor_Risk":2,"banjir":0.0,"banjir_bandang":0.0,"gempabumi":0.0,"gunungapi":0.0,"tanahlongsor":0.0,"tsunami":0.0,"risk":3.0,"elev_m":295.983642578125}},{"type":"Feature","geometry":{"type":"Point","coordinates":[106.50580825800006,-6.929744147999941]},"properties":{"FID":186,"NAMOBJ":" ","LUAS":0,"FGSIBD":0,"FCODE":" ","REMARK":"Pendidikan/Penelitian Lainnya","SRS_ID":" ","LCODE":"GE0020","METADATA":" ","KATPDK":0,"JLPDDK":0,"FGGPDK":999,"JJGPDF":999,"JNSPDL":0,"FGSGOV":0,"Skor_Risk":2,"banjir":0.0,"banjir_bandang":0.0,"gempabumi":0.0,"gunungapi":0.0,"tanahlongsor":0.0,"tsunami":0.0,"risk":3.0,"elev_m":271.82330322265625}},{"type":"Feature","geometry":{"type":"Point","coordinates":[106.51999979600004,-6.933210668999948]},"properties":{"FID":187,"NAMOBJ":" ","LUAS":0,"FGSIBD":0,"FCODE":" ","REMARK":"Pendidikan/Penelitian Lainnya","SRS_ID":" ","LCODE":"GE0020","METADATA":" ","KATPDK":0,"JLPDDK":0,"FGGPDK":999,"JJGPDF":999,"JNSPDL":0,"FGSGOV":0,"Skor_Risk":2,"banjir":0.0,"banjir_bandang":0.0,"gempabumi":0.0,"gunungapi":0.0,"tanahlongsor":0.0,"tsunami":0.0,"risk":3.0,"elev_m":314.01141357421875}},{"type":"Feature","geometry":{"type":"Point","coordinates":[106.52464698800009,-6.945041191999962]},"properties":{"FID":188,"NAMOBJ":" ","LUAS":0,"FGSIBD":0,"FCODE":" ","REMARK":"Pendidikan/Penelitian Lainnya","SRS_ID":" ","LCODE":"GE0020","METADATA":" ","KATPDK":0,"JLPDDK":0,"FGGPDK":999,"JJGPDF":999,"JNSPDL":0,"FGSGOV":0,"Skor_Risk":2,"banjir":0.0,"banjir_bandang":0.0,"gempabumi":0.0,"gunungapi":0.0,"tanahlongsor":0.0,"tsunami":0.0,"risk":3.0,"elev_m":217.11355590820312}},{"type":"Feature","geometry":{"type":"Point","coordinates":[106.56325799200005,-6.944947728999978]},"properties":{"FID":189,"NAMOBJ":" ","LUAS":0,"FGSIBD":0,"FCODE":" ","REMARK":"Pendidikan/Penelitian Lainnya","SRS_ID":" ","LCODE":"GE0020","METADATA":" ","KATPDK":0,"JLPDDK":0,"FGGPDK":999,"JJGPDF":999,"JNSPDL":0,"FGSGOV":0,"Skor_Risk":1,"banjir":0.0,"banjir_bandang":0.0,"gempabumi":3.0,"gunungapi":0.0,"tanahlongsor":0.0,"tsunami":0.0,"risk":3.0,"elev_m":269.0354919433594}},{"type":"Feature","geometry":{"type":"Point","coordinates":[106.57403479100009,-6.955726625999944]},"properties":{"FID":190,"NAMOBJ":" ","LUAS":0,"FGSIBD":0,"FCODE":" ","REMARK":"Pendidikan/Penelitian Lainnya","SRS_ID":" ","LCODE":"GE0020","METADATA":" ","KATPDK":0,"JLPDDK":0,"FGGPDK":999,"JJGPDF":999,"JNSPDL":0,"FGSGOV":0,"Skor_Risk":2,"banjir":0.0,"banjir_bandang":0.0,"gempabumi":2.0,"gunungapi":0.0,"tanahlongsor":3.0,"tsunami":0.0,"risk":3.0,"elev_m":271.7855529785156}},{"type":"Feature","geometry":{"type":"Point","coordinates":[106.57684196300005,-6.95455666099997]},"properties":{"FID":191,"NAMOBJ":" ","LUAS":0,"FGSIBD":0,"FCODE":" ","REMARK":"Pendidikan/Penelitian Lainnya","SRS_ID":" ","LCODE":"GE0020","METADATA":" ","KATPDK":0,"JLPDDK":0,"FGGPDK":999,"JJGPDF":999,"JNSPDL":0,"FGSGOV":0,"Skor_Risk":2,"banjir":0.0,"banjir_bandang":0.0,"gempabumi":2.0,"gunungapi":0.0,"tanahlongsor":3.0,"tsunami":0.0,"risk":3.0,"elev_m":269.9853515625}},{"type":"Feature","geometry":{"type":"Point","coordinates":[106.58296462300007,-6.952531481999927]},"properties":{"FID":192,"NAMOBJ":" ","LUAS":0,"FGSIBD":0,"FCODE":" ","REMARK":"Pendidikan/Penelitian Lainnya","SRS_ID":" ","LCODE":"GE0020","METADATA":" ","KATPDK":0,"JLPDDK":0,"FGGPDK":999,"JJGPDF":999,"JNSPDL":0,"FGSGOV":0,"Skor_Risk":1,"banjir":0.0,"banjir_bandang":0.0,"gempabumi":2.0,"gunungapi":0.0,"tanahlongsor":3.0,"tsunami":0.0,"risk":3.0,"elev_m":256.9593811035156}},{"type":"Feature","geometry":{"type":"Point","coordinates":[106.55888319300004,-6.954551568999932]},"properties":{"FID":193,"NAMOBJ":" ","LUAS":0,"FGSIBD":0,"FCODE":" ","REMARK":"Pendidikan/Penelitian Lainnya","SRS_ID":" ","LCODE":"GE0020","METADATA":" ","KATPDK":0,"JLPDDK":0,"FGGPDK":999,"JJGPDF":999,"JNSPDL":0,"FGSGOV":0,"Skor_Risk":2,"banjir":0.0,"banjir_bandang":0.0,"gempabumi":3.0,"gunungapi":0.0,"tanahlongsor":0.0,"tsunami":0.0,"risk":3.0,"elev_m":248.69415283203125}},{"type":"Feature","geometry":{"type":"Point","coordinates":[106.55573963000006,-6.958403890999932]},"properties":{"FID":194,"NAMOBJ":" ","LUAS":0,"FGSIBD":0,"FCODE":" ","REMARK":"Pendidikan/Penelitian Lainnya","SRS_ID":" ","LCODE":"GE0020","METADATA":" ","KATPDK":0,"JLPDDK":0,"FGGPDK":999,"JJGPDF":999,"JNSPDL":0,"FGSGOV":0,"Skor_Risk":1,"banjir":0.0,"banjir_bandang":0.0,"gempabumi":2.0,"gunungapi":0.0,"tanahlongsor":0.0,"tsunami":0.0,"risk":2.0,"elev_m":242.7893829345703}},{"type":"Feature","geometry":{"type":"Point","coordinates":[106.50278553700008,-6.9575014529999635]},"properties":{"FID":195,"NAMOBJ":" ","LUAS":0,"FGSIBD":0,"FCODE":" ","REMARK":"Pendidikan/Penelitian Lainnya","SRS_ID":" ","LCODE":"GE0020","METADATA":" ","KATPDK":0,"JLPDDK":0,"FGGPDK":999,"JJGPDF":999,"JNSPDL":0,"FGSGOV":0,"Skor_Risk":2,"banjir":0.0,"banjir_bandang":0.0,"gempabumi":0.0,"gunungapi":0.0,"tanahlongsor":0.0,"tsunami":0.0,"risk":3.0,"elev_m":40.350284576416016}},{"type":"Feature","geometry":{"type":"Point","coordinates":[106.56037957700005,-6.987299562999965]},"properties":{"FID":196,"NAMOBJ":" ","LUAS":0,"FGSIBD":0,"FCODE":" ","REMARK":"Pendidikan/Penelitian Lainnya","SRS_ID":" ","LCODE":"GE0020","METADATA":" ","KATPDK":0,"JLPDDK":0,"FGGPDK":999,"JJGPDF":999,"JNSPDL":0,"FGSGOV":0,"Skor_Risk":2,"banjir":3.0,"banjir_bandang":2.0,"gempabumi":3.0,"gunungapi":0.0,"tanahlongsor":0.0,"tsunami":0.0,"risk":3.0,"elev_m":51.904441833496094}},{"type":"Feature","geometry":{"type":"Point","coordinates":[106.56177052600003,-6.986049867999952]},"properties":{"FID":197,"NAMOBJ":" ","LUAS":0,"FGSIBD":0,"FCODE":" ","REMARK":"Pendidikan/Penelitian Lainnya","SRS_ID":" ","LCODE":"GE0020","METADATA":" ","KATPDK":0,"JLPDDK":0,"FGGPDK":999,"JJGPDF":999,"JNSPDL":0,"FGSGOV":0,"Skor_Risk":2,"banjir":3.0,"banjir_bandang":3.0,"gempabumi":3.0,"gunungapi":0.0,"tanahlongsor":0.0,"tsunami":0.0,"risk":3.0,"elev_m":61.63325119018555}},{"type":"Feature","geometry":{"type":"Point","coordinates":[106.56094727000004,-6.986390248999953]},"properties":{"FID":198,"NAMOBJ":" ","LUAS":0,"FGSIBD":0,"FCODE":" ","REMARK":"Pendidikan/Penelitian Lainnya","SRS_ID":" ","LCODE":"GE0020","METADATA":" ","KATPDK":0,"JLPDDK":0,"FGGPDK":999,"JJGPDF":999,"JNSPDL":0,"FGSGOV":0,"Skor_Risk":2,"banjir":3.0,"banjir_bandang":3.0,"gempabumi":3.0,"gunungapi":0.0,"tanahlongsor":0.0,"tsunami":3.0,"risk":3.0,"elev_m":59.533172607421875}},{"type":"Feature","geometry":{"type":"Point","coordinates":[106.61473136500007,-6.983225316999949]},"properties":{"FID":199,"NAMOBJ":" ","LUAS":0,"FGSIBD":0,"FCODE":" ","REMARK":"Pendidikan/Penelitian Lainnya","SRS_ID":" ","LCODE":"GE0020","METADATA":" ","KATPDK":0,"JLPDDK":0,"FGGPDK":999,"JJGPDF":999,"JNSPDL":0,"FGSGOV":0,"Skor_Risk":2,"banjir":0.0,"banjir_bandang":0.0,"gempabumi":2.0,"gunungapi":0.0,"tanahlongsor":3.0,"tsunami":0.0,"risk":3.0,"elev_m":69.27227020263672}},{"type":"Feature","geometry":{"type":"Point","coordinates":[106.60626058300005,-6.984866345999933]},"properties":{"FID":200,"NAMOBJ":" ","LUAS":0,"FGSIBD":0,"FCODE":" ","REMARK":"Pendidikan/Penelitian Lainnya","SRS_ID":" ","LCODE":"GE0020","METADATA":" ","KATPDK":0,"JLPDDK":0,"FGGPDK":999,"JJGPDF":999,"JNSPDL":0,"FGSGOV":0,"Skor_Risk":2,"banjir":0.0,"banjir_bandang":0.0,"gempabumi":3.0,"gunungapi":0.0,"tanahlongsor":3.0,"tsunami":0.0,"risk":3.0,"elev_m":168.545166015625}},{"type":"Feature","geometry":{"type":"Point","coordinates":[106.54275631600007,-6.999523176999958]},"properties":{"FID":201,"NAMOBJ":" ","LUAS":0,"FGSIBD":0,"FCODE":" ","REMARK":"Pendidikan/Penelitian Lainnya","SRS_ID":" ","LCODE":"GE0020","METADATA":" ","KATPDK":0,"JLPDDK":0,"FGGPDK":999,"JJGPDF":999,"JNSPDL":0,"FGSGOV":0,"Skor_Risk":-9999,"banjir":0.0,"banjir_bandang":0.0,"gempabumi":0.0,"gunungapi":0.0,"tanahlongsor":0.0,"tsunami":0.0,"risk":1.0,"elev_m":null}},{"type":"Feature","geometry":{"type":"Point","coordinates":[106.62393833900006,-6.8112641369999665]},"properties":{"FID":202,"NAMOBJ":" ","LUAS":0,"FGSIBD":0,"FCODE":" ","REMARK":"Pendidikan/Penelitian Lainnya","SRS_ID":" ","LCODE":"GE0020","METADATA":" ","KATPDK":0,"JLPDDK":0,"FGGPDK":999,"JJGPDF":999,"JNSPDL":0,"FGSGOV":0,"Skor_Risk":2,"banjir":0.0,"banjir_bandang":0.0,"gempabumi":3.0,"gunungapi":0.0,"tanahlongsor":2.0,"tsunami":0.0,"risk":2.0,"elev_m":687.5729370117188}},{"type":"Feature","geometry":{"type":"Point","coordinates":[106.61584117000007,-6.8375599519999355]},"properties":{"FID":203,"NAMOBJ":" ","LUAS":0,"FGSIBD":0,"FCODE":" ","REMARK":"Pendidikan/Penelitian Lainnya","SRS_ID":" ","LCODE":"GE0020","METADATA":" ","KATPDK":0,"JLPDDK":0,"FGGPDK":999,"JJGPDF":999,"JNSPDL":0,"FGSGOV":0,"Skor_Risk":2,"banjir":0.0,"banjir_bandang":0.0,"gempabumi":2.0,"gunungapi":0.0,"tanahlongsor":3.0,"tsunami":0.0,"risk":2.0,"elev_m":683.775634765625}},{"type":"Feature","geometry":{"type":"Point","coordinates":[106.62437882000006,-6.861127604999979]},"properties":{"FID":204,"NAMOBJ":" ","LUAS":0,"FGSIBD":0,"FCODE":" ","REMARK":"Pendidikan/Penelitian Lainnya","SRS_ID":" ","LCODE":"GE0020","METADATA":" ","KATPDK":0,"JLPDDK":0,"FGGPDK":999,"JJGPDF":999,"JNSPDL":0,"FGSGOV":0,"Skor_Risk":2,"banjir":0.0,"banjir_bandang":0.0,"gempabumi":2.0,"gunungapi":0.0,"tanahlongsor":3.0,"tsunami":0.0,"risk":1.0,"elev_m":576.829345703125}},{"type":"Feature","geometry":{"type":"Point","coordinates":[106.51203828400008,-6.863955011999963]},"properties":{"FID":205,"NAMOBJ":" ","LUAS":0,"FGSIBD":0,"FCODE":" ","REMARK":"Pendidikan/Penelitian Lainnya","SRS_ID":" ","LCODE":"GE0020","METADATA":" ","KATPDK":0,"JLPDDK":0,"FGGPDK":999,"JJGPDF":999,"JNSPDL":0,"FGSGOV":0,"Skor_Risk":2,"banjir":0.0,"banjir_bandang":0.0,"gempabumi":2.0,"gunungapi":0.0,"tanahlongsor":3.0,"tsunami":0.0,"risk":3.0,"elev_m":603.2410278320312}},{"type":"Feature","geometry":{"type":"Point","coordinates":[106.61979199600006,-6.788778290999971]},"properties":{"FID":206,"NAMOBJ":" ","LUAS":0,"FGSIBD":0,"FCODE":" ","REMARK":"Pendidikan/Penelitian Lainnya","SRS_ID":" ","LCODE":"GE0020","METADATA":" ","KATPDK":0,"JLPDDK":0,"FGGPDK":999,"JJGPDF":999,"JNSPDL":0,"FGSGOV":0,"Skor_Risk":2,"banjir":0.0,"banjir_bandang":0.0,"gempabumi":1.0,"gunungapi":0.0,"tanahlongsor":3.0,"tsunami":0.0,"risk":3.0,"elev_m":785.4768676757812}},{"type":"Feature","geometry":{"type":"Point","coordinates":[106.62028790300008,-6.7842151689999355]},"properties":{"FID":207,"NAMOBJ":" ","LUAS":0,"FGSIBD":0,"FCODE":" ","REMARK":"Pendidikan/Penelitian Lainnya","SRS_ID":" ","LCODE":"GE0020","METADATA":" ","KATPDK":0,"JLPDDK":0,"FGGPDK":999,"JJGPDF":999,"JNSPDL":0,"FGSGOV":0,"Skor_Risk":2,"banjir":0.0,"banjir_bandang":0.0,"gempabumi":2.0,"gunungapi":0.0,"tanahlongsor":3.0,"tsunami":0.0,"risk":3.0,"elev_m":767.9365234375}},{"type":"Feature","geometry":{"type":"Point","coordinates":[106.47048801300008,-6.9341670609999255]},"properties":{"FID":208,"NAMOBJ":"SD Negeri Ganesa","LUAS":0,"FGSIBD":0,"FCODE":" ","REMARK":"Pendidikan Dasar","SRS_ID":" ","LCODE":"GE0020","METADATA":" ","KATPDK":0,"JLPDDK":0,"FGGPDK":4,"JJGPDF":1,"JNSPDL":0,"FGSGOV":0,"Skor_Risk":2,"banjir":0.0,"banjir_bandang":0.0,"gempabumi":0.0,"gunungapi":0.0,"tanahlongsor":0.0,"tsunami":0.0,"risk":3.0,"elev_m":129.80767822265625}},{"type":"Feature","geometry":{"type":"Point","coordinates":[106.46663934700007,-6.936258875999954]},"properties":{"FID":209,"NAMOBJ":"SD Negeri Cihalimpu","LUAS":0,"FGSIBD":0,"FCODE":" ","REMARK":"Pendidikan Dasar","SRS_ID":" ","LCODE":"GE0020","METADATA":" ","KATPDK":0,"JLPDDK":0,"FGGPDK":4,"JJGPDF":1,"JNSPDL":0,"FGSGOV":0,"Skor_Risk":1,"banjir":0.0,"banjir_bandang":0.0,"gempabumi":0.0,"gunungapi":0.0,"tanahlongsor":0.0,"tsunami":0.0,"risk":3.0,"elev_m":139.001708984375}},{"type":"Feature","geometry":{"type":"Point","coordinates":[106.45979549100008,-6.938450320999948]},"properties":{"FID":210,"NAMOBJ":"Madrasah Tsanawiyah Sara","LUAS":0,"FGSIBD":0,"FCODE":" ","REMARK":"Pendidikan Menengah Pertama","SRS_ID":" ","LCODE":"GE0020","METADATA":" ","KATPDK":0,"JLPDDK":0,"FGGPDK":3,"JJGPDF":2,"JNSPDL":0,"FGSGOV":0,"Skor_Risk":2,"banjir":0.0,"banjir_bandang":0.0,"gempabumi":0.0,"gunungapi":0.0,"tanahlongsor":0.0,"tsunami":0.0,"risk":3.0,"elev_m":134.49977111816406}},{"type":"Feature","geometry":{"type":"Point","coordinates":[106.46218983500006,-6.9342740759999515]},"properties":{"FID":211,"NAMOBJ":"Pesantren Nurul Fallah","LUAS":0,"FGSIBD":0,"FCODE":" ","REMARK":"Pendidikan Keagamaan","SRS_ID":" ","LCODE":"GE0020","METADATA":" ","KATPDK":0,"JLPDDK":0,"FGGPDK":10,"JJGPDF":999,"JNSPDL":0,"FGSGOV":0,"Skor_Risk":2,"banjir":0.0,"banjir_bandang":0.0,"gempabumi":0.0,"gunungapi":0.0,"tanahlongsor":0.0,"tsunami":0.0,"risk":3.0,"elev_m":145.824951171875}},{"type":"Feature","geometry":{"type":"Point","coordinates":[106.55497967900004,-6.908388314999968]},"properties":{"FID":212,"NAMOBJ":"SD Negeri 2 Cirendang","LUAS":0,"FGSIBD":0,"FCODE":" ","REMARK":"Pendidikan Dasar","SRS_ID":" ","LCODE":"GE0020","METADATA":" ","KATPDK":0,"JLPDDK":0,"FGGPDK":4,"JJGPDF":1,"JNSPDL":0,"FGSGOV":0,"Skor_Risk":2,"banjir":0.0,"banjir_bandang":0.0,"gempabumi":3.0,"gunungapi":0.0,"tanahlongsor":3.0,"tsunami":0.0,"risk":3.0,"elev_m":567.5465698242188}},{"type":"Feature","geometry":{"type":"Point","coordinates":[106.61783373500003,-6.842177971999945]},"properties":{"FID":213,"NAMOBJ":" ","LUAS":0,"FGSIBD":0,"FCODE":" ","REMARK":"Pendidikan Keagamaan","SRS_ID":" ","LCODE":"GE0020","METADATA":" ","KATPDK":0,"JLPDDK":0,"FGGPDK":10,"JJGPDF":999,"JNSPDL":0,"FGSGOV":0,"Skor_Risk":2,"banjir":0.0,"banjir_bandang":0.0,"gempabumi":2.0,"gunungapi":0.0,"tanahlongsor":3.0,"tsunami":0.0,"risk":3.0,"elev_m":675.67626953125}},{"type":"Feature","geometry":{"type":"Point","coordinates":[106.62533852400009,-6.830162363999932]},"properties":{"FID":214,"NAMOBJ":"Madrasah Tsanawiyah Halimun, SD Negeri Cianaga","LUAS":0,"FGSIBD":0,"FCODE":" ","REMARK":"Pendidikan Dasar","SRS_ID":" ","LCODE":"GE0020","METADATA":" ","KATPDK":0,"JLPDDK":0,"FGGPDK":4,"JJGPDF":1,"JNSPDL":0,"FGSGOV":0,"Skor_Risk":2,"banjir":0.0,"banjir_bandang":0.0,"gempabumi":2.0,"gunungapi":0.0,"tanahlongsor":3.0,"tsunami":0.0,"risk":3.0,"elev_m":533.1805419921875}},{"type":"Feature","geometry":{"type":"Point","coordinates":[106.56103743600005,-6.94815643499993]},"properties":{"FID":215,"NAMOBJ":"SD Negeri 1 Jayanti","LUAS":0,"FGSIBD":0,"FCODE":" ","REMARK":"Pendidikan Dasar","SRS_ID":" ","LCODE":"GE0020","METADATA":" ","KATPDK":0,"JLPDDK":0,"FGGPDK":4,"JJGPDF":1,"JNSPDL":0,"FGSGOV":0,"Skor_Risk":2,"banjir":0.0,"banjir_bandang":0.0,"gempabumi":3.0,"gunungapi":0.0,"tanahlongsor":0.0,"tsunami":0.0,"risk":3.0,"elev_m":260.89971923828125}},{"type":"Feature","geometry":{"type":"Point","coordinates":[106.47856713600004,-6.90439033399997]},"properties":{"FID":216,"NAMOBJ":"SMP Negeri 3 Cisolok","LUAS":0,"FGSIBD":0,"FCODE":" ","REMARK":"Pendidikan Menengah Pertama","SRS_ID":" ","LCODE":"GE0020","METADATA":" ","KATPDK":0,"JLPDDK":0,"FGGPDK":3,"JJGPDF":2,"JNSPDL":0,"FGSGOV":0,"Skor_Risk":2,"banjir":0.0,"banjir_bandang":0.0,"gempabumi":3.0,"gunungapi":0.0,"tanahlongsor":0.0,"tsunami":0.0,"risk":3.0,"elev_m":513.36328125}},{"type":"Feature","geometry":{"type":"Point","coordinates":[106.49860557800008,-7.141836946999945]},"properties":{"FID":217,"NAMOBJ":"SMP Negeri 4 Ciemas","LUAS":0,"FGSIBD":0,"FCODE":" ","REMARK":"Pendidikan Menengah Pertama","SRS_ID":" ","LCODE":"GE0020","METADATA":" ","KATPDK":0,"JLPDDK":0,"FGGPDK":3,"JJGPDF":2,"JNSPDL":0,"FGSGOV":0,"Skor_Risk":2,"banjir":0.0,"banjir_bandang":0.0,"gempabumi":3.0,"gunungapi":0.0,"tanahlongsor":3.0,"tsunami":0.0,"risk":3.0,"elev_m":504.4721984863281}},{"type":"Feature","geometry":{"type":"Point","coordinates":[106.78030125800007,-6.896379142999933]},"properties":{"FID":218,"NAMOBJ":"Perguruan Taman Siswa","LUAS":0,"FGSIBD":0,"FCODE":" ","REMARK":"Pendidikan Luar Sekolah","SRS_ID":" ","LCODE":"GE0020","METADATA":" ","KATPDK":0,"JLPDDK":0,"FGGPDK":999,"JJGPDF":999,"JNSPDL":0,"FGSGOV":0,"Skor_Risk":2,"banjir":0.0,"banjir_bandang":0.0,"gempabumi":2.0,"gunungapi":0.0,"tanahlongsor":0.0,"tsunami":0.0,"risk":3.0,"elev_m":382.13409423828125}},{"type":"Feature","geometry":{"type":"Point","coordinates":[106.75017400000007,-6.957593999999972]},"properties":{"FID":219,"NAMOBJ":"SD Negeri 1 Ubrug","LUAS":0,"FGSIBD":0,"FCODE":" ","REMARK":"Pendidikan Dasar","SRS_ID":" ","LCODE":"GE0020","METADATA":" ","KATPDK":0,"JLPDDK":0,"FGGPDK":4,"JJGPDF":1,"JNSPDL":0,"FGSGOV":0,"Skor_Risk":2,"banjir":0.0,"banjir_bandang":3.0,"gempabumi":3.0,"gunungapi":0.0,"tanahlongsor":1.0,"tsunami":0.0,"risk":3.0,"elev_m":313.78033447265625}},{"type":"Feature","geometry":{"type":"Point","coordinates":[106.82708600000007,-6.9420109999999795]},"properties":{"FID":220,"NAMOBJ":"SD Negeri Ciabad","LUAS":0,"FGSIBD":0,"FCODE":" ","REMARK":"Pendidikan Dasar","SRS_ID":" ","LCODE":"GE0020","METADATA":" ","KATPDK":0,"JLPDDK":0,"FGGPDK":4,"JJGPDF":1,"JNSPDL":0,"FGSGOV":0,"Skor_Risk":2,"banjir":0.0,"banjir_bandang":0.0,"gempabumi":3.0,"gunungapi":0.0,"tanahlongsor":0.0,"tsunami":0.0,"risk":2.0,"elev_m":549.2783203125}},{"type":"Feature","geometry":{"type":"Point","coordinates":[106.87008174100004,-6.905922400999941]},"properties":{"FID":221,"NAMOBJ":"Perguruan Islam Al Masthariya","LUAS":0,"FGSIBD":0,"FCODE":" ","REMARK":"Pendidikan Keagamaan","SRS_ID":" ","LCODE":"GE0020","METADATA":" ","KATPDK":0,"JLPDDK":0,"FGGPDK":10,"JJGPDF":999,"JNSPDL":0,"FGSGOV":0,"Skor_Risk":2,"banjir":0.0,"banjir_bandang":0.0,"gempabumi":2.0,"gunungapi":0.0,"tanahlongsor":2.0,"tsunami":0.0,"risk":3.0,"elev_m":568.9695434570312}},{"type":"Feature","geometry":{"type":"Point","coordinates":[106.85204900000008,-6.90672399999994]},"properties":{"FID":222,"NAMOBJ":"SMK Al Audi","LUAS":0,"FGSIBD":0,"FCODE":" ","REMARK":"Pendidikan Menengah Umum","SRS_ID":" ","LCODE":"GE0020","METADATA":" ","KATPDK":0,"JLPDDK":0,"FGGPDK":2,"JJGPDF":2,"JNSPDL":0,"FGSGOV":0,"Skor_Risk":2,"banjir":0.0,"banjir_bandang":0.0,"gempabumi":3.0,"gunungapi":0.0,"tanahlongsor":2.0,"tsunami":0.0,"risk":3.0,"elev_m":532.3914184570312}},{"type":"Feature","geometry":{"type":"Point","coordinates":[106.82346596400004,-6.993112004999944]},"properties":{"FID":223,"NAMOBJ":"SD Negeri Babakan","LUAS":0,"FGSIBD":0,"FCODE":" ","REMARK":"Pendidikan Dasar","SRS_ID":" ","LCODE":"GE0020","METADATA":" ","KATPDK":0,"JLPDDK":0,"FGGPDK":4,"JJGPDF":1,"JNSPDL":0,"FGSGOV":0,"Skor_Risk":1,"banjir":0.0,"banjir_bandang":0.0,"gempabumi":3.0,"gunungapi":0.0,"tanahlongsor":1.0,"tsunami":0.0,"risk":3.0,"elev_m":419.2582702636719}},{"type":"Feature","geometry":{"type":"Point","coordinates":[106.82906140000006,-6.974600399999929]},"properties":{"FID":224,"NAMOBJ":"Madrasah Ibtidaiyah Neglasari","LUAS":0,"FGSIBD":0,"FCODE":" ","REMARK":"Pendidikan Dasar","SRS_ID":" ","LCODE":"GE0020","METADATA":" ","KATPDK":0,"JLPDDK":0,"FGGPDK":4,"JJGPDF":1,"JNSPDL":0,"FGSGOV":0,"Skor_Risk":2,"banjir":0.0,"banjir_bandang":0.0,"gempabumi":3.0,"gunungapi":0.0,"tanahlongsor":3.0,"tsunami":0.0,"risk":3.0,"elev_m":373.9855651855469}},{"type":"Feature","geometry":{"type":"Point","coordinates":[106.80595390000008,-6.977569999999957]},"properties":{"FID":225,"NAMOBJ":"SD Negeri Girikarya","LUAS":0,"FGSIBD":0,"FCODE":" ","REMARK":"Pendidikan Dasar","SRS_ID":" ","LCODE":"GE0020","METADATA":" ","KATPDK":0,"JLPDDK":0,"FGGPDK":4,"JJGPDF":1,"JNSPDL":0,"FGSGOV":0,"Skor_Risk":2,"banjir":0.0,"banjir_bandang":0.0,"gempabumi":3.0,"gunungapi":0.0,"tanahlongsor":3.0,"tsunami":0.0,"risk":3.0,"elev_m":348.3705749511719}},{"type":"Feature","geometry":{"type":"Point","coordinates":[106.84821000000005,-6.931740999999931]},"properties":{"FID":226,"NAMOBJ":"SMP Islam Terpadu Bani Yasin Cantayan","LUAS":0,"FGSIBD":0,"FCODE":" ","REMARK":"Pendidikan Menengah Pertama","SRS_ID":" ","LCODE":"GE0020","METADATA":" ","KATPDK":0,"JLPDDK":0,"FGGPDK":3,"JJGPDF":2,"JNSPDL":0,"FGSGOV":0,"Skor_Risk":2,"banjir":0.0,"banjir_bandang":0.0,"gempabumi":3.0,"gunungapi":0.0,"tanahlongsor":0.0,"tsunami":0.0,"risk":3.0,"elev_m":492.3405456542969}},{"type":"Feature","geometry":{"type":"Point","coordinates":[106.91872921000004,-6.860734159999936]},"properties":{"FID":227,"NAMOBJ":"SMP Negeri 1 Kadudampit","LUAS":0,"FGSIBD":0,"FCODE":" ","REMARK":"Pendidikan Menengah Pertama","SRS_ID":" ","LCODE":"GE0020","METADATA":" ","KATPDK":0,"JLPDDK":0,"FGGPDK":3,"JJGPDF":2,"JNSPDL":0,"FGSGOV":0,"Skor_Risk":2,"banjir":0.0,"banjir_bandang":0.0,"gempabumi":0.0,"gunungapi":0.0,"tanahlongsor":0.0,"tsunami":0.0,"risk":3.0,"elev_m":824.7568969726562}},{"type":"Feature","geometry":{"type":"Point","coordinates":[106.83382398400005,-7.268433970999979]},"properties":{"FID":228,"NAMOBJ":"Madrasah Tsanawiyah Al Jamiah","LUAS":0,"FGSIBD":0,"FCODE":" ","REMARK":"Pendidikan Menengah Pertama","SRS_ID":" ","LCODE":"GE0020","METADATA":" ","KATPDK":0,"JLPDDK":0,"FGGPDK":3,"JJGPDF":2,"JNSPDL":0,"FGSGOV":0,"Skor_Risk":2,"banjir":3.0,"banjir_bandang":2.0,"gempabumi":3.0,"gunungapi":0.0,"tanahlongsor":0.0,"tsunami":0.0,"risk":3.0,"elev_m":283.5925598144531}},{"type":"Feature","geometry":{"type":"Point","coordinates":[106.67154407100008,-7.093420619999961]},"properties":{"FID":229,"NAMOBJ":"SD Negeri 1 Ciangkap","LUAS":0,"FGSIBD":0,"FCODE":" ","REMARK":"Pendidikan Dasar","SRS_ID":" ","LCODE":"GE0020","METADATA":" ","KATPDK":0,"JLPDDK":0,"FGGPDK":4,"JJGPDF":1,"JNSPDL":0,"FGSGOV":0,"Skor_Risk":2,"banjir":0.0,"banjir_bandang":0.0,"gempabumi":3.0,"gunungapi":0.0,"tanahlongsor":3.0,"tsunami":0.0,"risk":3.0,"elev_m":697.0966796875}},{"type":"Feature","geometry":{"type":"Point","coordinates":[106.94018515100004,-7.2218127469999445]},"properties":{"FID":230,"NAMOBJ":"SMP 1 Curugkembar","LUAS":0,"FGSIBD":0,"FCODE":" ","REMARK":"Pendidikan Menengah Pertama","SRS_ID":" ","LCODE":"GE0020","METADATA":" ","KATPDK":0,"JLPDDK":0,"FGGPDK":3,"JJGPDF":2,"JNSPDL":0,"FGSGOV":0,"Skor_Risk":2,"banjir":0.0,"banjir_bandang":0.0,"gempabumi":2.0,"gunungapi":0.0,"tanahlongsor":0.0,"tsunami":0.0,"risk":3.0,"elev_m":284.2032775878906}},{"type":"Feature","geometry":{"type":"Point","coordinates":[106.85450128100007,-7.0245091619999585]},"properties":{"FID":231,"NAMOBJ":"SD Negeri Babakansukamanah","LUAS":0,"FGSIBD":0,"FCODE":" ","REMARK":"Pendidikan Dasar","SRS_ID":" ","LCODE":"GE0020","METADATA":" ","KATPDK":0,"JLPDDK":0,"FGGPDK":4,"JJGPDF":1,"JNSPDL":0,"FGSGOV":0,"Skor_Risk":2,"banjir":0.0,"banjir_bandang":0.0,"gempabumi":3.0,"gunungapi":0.0,"tanahlongsor":0.0,"tsunami":0.0,"risk":3.0,"elev_m":517.9851684570312}},{"type":"Feature","geometry":{"type":"Point","coordinates":[106.70397296500005,-6.820727018999946]},"properties":{"FID":232,"NAMOBJ":"SD Sukatani","LUAS":0,"FGSIBD":0,"FCODE":" ","REMARK":"Pendidikan Dasar","SRS_ID":" ","LCODE":"GE0020","METADATA":" ","KATPDK":0,"JLPDDK":0,"FGGPDK":4,"JJGPDF":1,"JNSPDL":0,"FGSGOV":0,"Skor_Risk":2,"banjir":0.0,"banjir_bandang":0.0,"gempabumi":2.0,"gunungapi":0.0,"tanahlongsor":3.0,"tsunami":0.0,"risk":3.0,"elev_m":550.607666015625}},{"type":"Feature","geometry":{"type":"Point","coordinates":[106.64126199700007,-6.859010019999971]},"properties":{"FID":233,"NAMOBJ":"SMP PGRI 3 Cikidang","LUAS":0,"FGSIBD":0,"FCODE":" ","REMARK":"Pendidikan Menengah Pertama","SRS_ID":" ","LCODE":"GE0020","METADATA":" ","KATPDK":0,"JLPDDK":0,"FGGPDK":3,"JJGPDF":2,"JNSPDL":0,"FGSGOV":0,"Skor_Risk":2,"banjir":0.0,"banjir_bandang":0.0,"gempabumi":3.0,"gunungapi":0.0,"tanahlongsor":3.0,"tsunami":0.0,"risk":3.0,"elev_m":407.6206359863281}},{"type":"Feature","geometry":{"type":"Point","coordinates":[106.63066701900004,-6.859435987999973]},"properties":{"FID":234,"NAMOBJ":"SMP Negeri 3 Cikidang","LUAS":0,"FGSIBD":0,"FCODE":" ","REMARK":"Pendidikan Menengah Pertama","SRS_ID":" ","LCODE":"GE0020","METADATA":" ","KATPDK":0,"JLPDDK":0,"FGGPDK":3,"JJGPDF":2,"JNSPDL":0,"FGSGOV":0,"Skor_Risk":2,"banjir":0.0,"banjir_bandang":0.0,"gempabumi":2.0,"gunungapi":0.0,"tanahlongsor":3.0,"tsunami":0.0,"risk":3.0,"elev_m":539.028564453125}},{"type":"Feature","geometry":{"type":"Point","coordinates":[107.02517403300004,-6.983187999999927]},"properties":{"FID":235,"NAMOBJ":"SD Negeri Gegerbitung","LUAS":0,"FGSIBD":0,"FCODE":" ","REMARK":"Pendidikan Dasar","SRS_ID":" ","LCODE":"GE0020","METADATA":" ","KATPDK":0,"JLPDDK":0,"FGGPDK":4,"JJGPDF":1,"JNSPDL":0,"FGSGOV":0,"Skor_Risk":2,"banjir":0.0,"banjir_bandang":0.0,"gempabumi":3.0,"gunungapi":0.0,"tanahlongsor":3.0,"tsunami":0.0,"risk":3.0,"elev_m":680.2099609375}},{"type":"Feature","geometry":{"type":"Point","coordinates":[107.02072500300005,-6.990289985999937]},"properties":{"FID":236,"NAMOBJ":"SD Negeri Cikaret","LUAS":0,"FGSIBD":0,"FCODE":" ","REMARK":"Pendidikan Dasar","SRS_ID":" ","LCODE":"GE0020","METADATA":" ","KATPDK":0,"JLPDDK":0,"FGGPDK":4,"JJGPDF":1,"JNSPDL":0,"FGSGOV":0,"Skor_Risk":2,"banjir":0.0,"banjir_bandang":0.0,"gempabumi":3.0,"gunungapi":0.0,"tanahlongsor":3.0,"tsunami":0.0,"risk":2.0,"elev_m":736.744140625}},{"type":"Feature","geometry":{"type":"Point","coordinates":[106.61264155000003,-7.000084003999973]},"properties":{"FID":237,"NAMOBJ":"Kantor Desa Tonjong","LUAS":0,"FGSIBD":0,"FCODE":" ","REMARK":"Kantor Kepala Desa","SRS_ID":" ","LCODE":"GD0020","METADATA":" ","KATPDK":0,"JLPDDK":0,"FGGPDK":0,"JJGPDF":0,"JNSPDL":0,"FGSGOV":10,"Skor_Risk":2,"banjir":0.0,"banjir_bandang":0.0,"gempabumi":2.0,"gunungapi":0.0,"tanahlongsor":3.0,"tsunami":0.0,"risk":3.0,"elev_m":69.99250793457031}},{"type":"Feature","geometry":{"type":"Point","coordinates":[106.47128739100003,-6.960198769999977]},"properties":{"FID":238,"NAMOBJ":" ","LUAS":0,"FGSIBD":0,"FCODE":" ","REMARK":"Kantor Polisi","SRS_ID":" ","LCODE":"GK0020","METADATA":" ","KATPDK":0,"JLPDDK":0,"FGGPDK":0,"JJGPDF":0,"JNSPDL":0,"FGSGOV":16,"Skor_Risk":-9999,"banjir":0.0,"banjir_bandang":0.0,"gempabumi":0.0,"gunungapi":0.0,"tanahlongsor":0.0,"tsunami":0.0,"risk":3.0,"elev_m":5.970499038696289}},{"type":"Feature","geometry":{"type":"Point","coordinates":[106.55789918800008,-6.987113712999928]},"properties":{"FID":239,"NAMOBJ":" ","LUAS":0,"FGSIBD":0,"FCODE":" ","REMARK":"Kantor Pemerintah Lainnya","SRS_ID":" ","LCODE":"GD0020","METADATA":" ","KATPDK":0,"JLPDDK":0,"FGGPDK":0,"JJGPDF":0,"JNSPDL":0,"FGSGOV":999,"Skor_Risk":2,"banjir":2.0,"banjir_bandang":3.0,"gempabumi":3.0,"gunungapi":0.0,"tanahlongsor":0.0,"tsunami":3.0,"risk":3.0,"elev_m":42.95058059692383}},{"type":"Feature","geometry":{"type":"Point","coordinates":[106.55523666800008,-6.981109100999959]},"properties":{"FID":240,"NAMOBJ":" ","LUAS":0,"FGSIBD":0,"FCODE":" ","REMARK":"Kantor Pemerintah Lainnya","SRS_ID":" ","LCODE":"GD0020","METADATA":" ","KATPDK":0,"JLPDDK":0,"FGGPDK":0,"JJGPDF":0,"JNSPDL":0,"FGSGOV":999,"Skor_Risk":2,"banjir":2.0,"banjir_bandang":3.0,"gempabumi":3.0,"gunungapi":0.0,"tanahlongsor":0.0,"tsunami":3.0,"risk":3.0,"elev_m":52.35047149658203}},{"type":"Feature","geometry":{"type":"Point","coordinates":[106.55737613400004,-6.987676088999933]},"properties":{"FID":241,"NAMOBJ":" ","LUAS":0,"FGSIBD":0,"FCODE":" ","REMARK":"Kantor Pemerintah Lainnya","SRS_ID":" ","LCODE":"GD0020","METADATA":" ","KATPDK":0,"JLPDDK":0,"FGGPDK":0,"JJGPDF":0,"JNSPDL":0,"FGSGOV":999,"Skor_Risk":2,"banjir":2.0,"banjir_bandang":0.0,"gempabumi":3.0,"gunungapi":0.0,"tanahlongsor":0.0,"tsunami":3.0,"risk":3.0,"elev_m":42.27253723144531}},{"type":"Feature","geometry":{"type":"Point","coordinates":[106.55570014500006,-6.987166190999972]},"properties":{"FID":242,"NAMOBJ":" ","LUAS":0,"FGSIBD":0,"FCODE":" ","REMARK":"Kantor Pemerintah Lainnya","SRS_ID":" ","LCODE":"GD0020","METADATA":" ","KATPDK":0,"JLPDDK":0,"FGGPDK":0,"JJGPDF":0,"JNSPDL":0,"FGSGOV":999,"Skor_Risk":2,"banjir":2.0,"banjir_bandang":0.0,"gempabumi":3.0,"gunungapi":0.0,"tanahlongsor":0.0,"tsunami":3.0,"risk":3.0,"elev_m":32.478065490722656}},{"type":"Feature","geometry":{"type":"Point","coordinates":[106.55751923100007,-6.987160181999968]},"properties":{"FID":243,"NAMOBJ":"Badan Ketahan Pangan Kiaralawang","LUAS":0,"FGSIBD":0,"FCODE":" ","REMARK":"Kantor Pemerintah Lainnya","SRS_ID":" ","LCODE":"GD0020","METADATA":" ","KATPDK":0,"JLPDDK":0,"FGGPDK":0,"JJGPDF":0,"JNSPDL":0,"FGSGOV":999,"Skor_Risk":2,"banjir":2.0,"banjir_bandang":3.0,"gempabumi":3.0,"gunungapi":0.0,"tanahlongsor":0.0,"tsunami":3.0,"risk":3.0,"elev_m":40.70319366455078}},{"type":"Feature","geometry":{"type":"Point","coordinates":[106.55719577200006,-6.985135684999932]},"properties":{"FID":244,"NAMOBJ":" ","LUAS":0,"FGSIBD":0,"FCODE":" ","REMARK":"Kantor Pemerintah Lainnya","SRS_ID":" ","LCODE":"GD0020","METADATA":" ","KATPDK":0,"JLPDDK":0,"FGGPDK":0,"JJGPDF":0,"JNSPDL":0,"FGSGOV":999,"Skor_Risk":2,"banjir":3.0,"banjir_bandang":3.0,"gempabumi":3.0,"gunungapi":0.0,"tanahlongsor":0.0,"tsunami":3.0,"risk":3.0,"elev_m":40.46031188964844}},{"type":"Feature","geometry":{"type":"Point","coordinates":[106.55719131400008,-6.983788335999975]},"properties":{"FID":245,"NAMOBJ":"Kantor Pelayanan Pendapatan Daerah","LUAS":0,"FGSIBD":0,"FCODE":" ","REMARK":"Kantor Pemerintah Lainnya","SRS_ID":" ","LCODE":"GD0020","METADATA":" ","KATPDK":0,"JLPDDK":0,"FGGPDK":0,"JJGPDF":0,"JNSPDL":0,"FGSGOV":999,"Skor_Risk":2,"banjir":2.0,"banjir_bandang":3.0,"gempabumi":3.0,"gunungapi":0.0,"tanahlongsor":0.0,"tsunami":3.0,"risk":3.0,"elev_m":38.544124603271484}},{"type":"Feature","geometry":{"type":"Point","coordinates":[106.55688181600004,-6.983246795999946]},"properties":{"FID":246,"NAMOBJ":" ","LUAS":0,"FGSIBD":0,"FCODE":" ","REMARK":"Kantor Pemerintah Lainnya","SRS_ID":" ","LCODE":"GD0020","METADATA":" ","KATPDK":0,"JLPDDK":0,"FGGPDK":0,"JJGPDF":0,"JNSPDL":0,"FGSGOV":999,"Skor_Risk":2,"banjir":2.0,"banjir_bandang":3.0,"gempabumi":3.0,"gunungapi":0.0,"tanahlongsor":0.0,"tsunami":3.0,"risk":3.0,"elev_m":37.146366119384766}},{"type":"Feature","geometry":{"type":"Point","coordinates":[106.55687130000007,-6.982803737999973]},"properties":{"FID":247,"NAMOBJ":"Kantor Pengelolaan Taman NasionAlGunung Halimun Salak","LUAS":0,"FGSIBD":0,"FCODE":" ","REMARK":"Kantor Pemerintah Lainnya","SRS_ID":" ","LCODE":"GD0020","METADATA":" ","KATPDK":0,"JLPDDK":0,"FGGPDK":0,"JJGPDF":0,"JNSPDL":0,"FGSGOV":999,"Skor_Risk":2,"banjir":2.0,"banjir_bandang":3.0,"gempabumi":3.0,"gunungapi":0.0,"tanahlongsor":0.0,"tsunami":3.0,"risk":3.0,"elev_m":36.295902252197266}},{"type":"Feature","geometry":{"type":"Point","coordinates":[106.55719331800009,-6.9843941909999785]},"properties":{"FID":248,"NAMOBJ":"Kantor Polisi Resort Sukabumi","LUAS":0,"FGSIBD":0,"FCODE":" ","REMARK":"Kantor Polisi","SRS_ID":" ","LCODE":"GK0020","METADATA":" ","KATPDK":0,"JLPDDK":0,"FGGPDK":0,"JJGPDF":0,"JNSPDL":0,"FGSGOV":16,"Skor_Risk":2,"banjir":3.0,"banjir_bandang":3.0,"gempabumi":3.0,"gunungapi":0.0,"tanahlongsor":0.0,"tsunami":3.0,"risk":3.0,"elev_m":37.933998107910156}},{"type":"Feature","geometry":{"type":"Point","coordinates":[106.55429871500007,-6.982097848999956]},"properties":{"FID":249,"NAMOBJ":" ","LUAS":0,"FGSIBD":0,"FCODE":" ","REMARK":"Kantor Pemerintah Lainnya","SRS_ID":" ","LCODE":"GD0020","METADATA":" ","KATPDK":0,"JLPDDK":0,"FGGPDK":0,"JJGPDF":0,"JNSPDL":0,"FGSGOV":999,"Skor_Risk":2,"banjir":2.0,"banjir_bandang":3.0,"gempabumi":3.0,"gunungapi":0.0,"tanahlongsor":0.0,"tsunami":3.0,"risk":3.0,"elev_m":42.08906173706055}},{"type":"Feature","geometry":{"type":"Point","coordinates":[106.55467096300004,-6.982458330999975]},"properties":{"FID":250,"NAMOBJ":"Kantor Arsip Daerah","LUAS":0,"FGSIBD":0,"FCODE":" ","REMARK":"Kantor Pemerintah Lainnya","SRS_ID":" ","LCODE":"GD0020","METADATA":" ","KATPDK":0,"JLPDDK":0,"FGGPDK":0,"JJGPDF":0,"JNSPDL":0,"FGSGOV":999,"Skor_Risk":2,"banjir":2.0,"banjir_bandang":3.0,"gempabumi":3.0,"gunungapi":0.0,"tanahlongsor":0.0,"tsunami":3.0,"risk":3.0,"elev_m":41.09885025024414}},{"type":"Feature","geometry":{"type":"Point","coordinates":[106.55515877100004,-6.982185440999956]},"properties":{"FID":251,"NAMOBJ":" ","LUAS":0,"FGSIBD":0,"FCODE":" ","REMARK":"Kantor Pemerintah Lainnya","SRS_ID":" ","LCODE":"GD0020","METADATA":" ","KATPDK":0,"JLPDDK":0,"FGGPDK":0,"JJGPDF":0,"JNSPDL":0,"FGSGOV":999,"Skor_Risk":2,"banjir":2.0,"banjir_bandang":3.0,"gempabumi":3.0,"gunungapi":0.0,"tanahlongsor":0.0,"tsunami":3.0,"risk":3.0,"elev_m":42.640037536621094}},{"type":"Feature","geometry":{"type":"Point","coordinates":[106.55524915300003,-6.982148971999948]},"properties":{"FID":252,"NAMOBJ":" ","LUAS":0,"FGSIBD":0,"FCODE":" ","REMARK":"Kantor Pemerintah Lainnya","SRS_ID":" ","LCODE":"GD0020","METADATA":" ","KATPDK":0,"JLPDDK":0,"FGGPDK":0,"JJGPDF":0,"JNSPDL":0,"FGSGOV":999,"Skor_Risk":2,"banjir":2.0,"banjir_bandang":3.0,"gempabumi":3.0,"gunungapi":0.0,"tanahlongsor":0.0,"tsunami":3.0,"risk":3.0,"elev_m":43.7193603515625}},{"type":"Feature","geometry":{"type":"Point","coordinates":[106.55608089400005,-6.981883989999972]},"properties":{"FID":253,"NAMOBJ":" ","LUAS":0,"FGSIBD":0,"FCODE":" ","REMARK":"Kantor Pemerintah Lainnya","SRS_ID":" ","LCODE":"GD0020","METADATA":" ","KATPDK":0,"JLPDDK":0,"FGGPDK":0,"JJGPDF":0,"JNSPDL":0,"FGSGOV":999,"Skor_Risk":2,"banjir":2.0,"banjir_bandang":3.0,"gempabumi":3.0,"gunungapi":0.0,"tanahlongsor":0.0,"tsunami":3.0,"risk":3.0,"elev_m":44.31428909301758}},{"type":"Feature","geometry":{"type":"Point","coordinates":[106.55672321000009,-6.981809528999975]},"properties":{"FID":254,"NAMOBJ":" ","LUAS":0,"FGSIBD":0,"FCODE":" ","REMARK":"Kantor DPRD","SRS_ID":" ","LCODE":"GD0020","METADATA":" ","KATPDK":0,"JLPDDK":0,"FGGPDK":0,"JJGPDF":0,"JNSPDL":0,"FGSGOV":6,"Skor_Risk":2,"banjir":2.0,"banjir_bandang":3.0,"gempabumi":3.0,"gunungapi":0.0,"tanahlongsor":0.0,"tsunami":3.0,"risk":3.0,"elev_m":40.51430130004883}},{"type":"Feature","geometry":{"type":"Point","coordinates":[106.55100598800004,-6.988058807999948]},"properties":{"FID":255,"NAMOBJ":" ","LUAS":0,"FGSIBD":0,"FCODE":" ","REMARK":"Kantor Pemerintah Lainnya","SRS_ID":" ","LCODE":"GD0020","METADATA":" ","KATPDK":0,"JLPDDK":0,"FGGPDK":0,"JJGPDF":0,"JNSPDL":0,"FGSGOV":999,"Skor_Risk":2,"banjir":2.0,"banjir_bandang":0.0,"gempabumi":3.0,"gunungapi":0.0,"tanahlongsor":0.0,"tsunami":3.0,"risk":3.0,"elev_m":22.751327514648438}},{"type":"Feature","geometry":{"type":"Point","coordinates":[106.55551623400004,-6.980809769999951]},"properties":{"FID":256,"NAMOBJ":"Pengadilan Negeri Cibadak","LUAS":0,"FGSIBD":0,"FCODE":" ","REMARK":"Kantor Pemerintah Lainnya","SRS_ID":" ","LCODE":"GD0020","METADATA":" ","KATPDK":0,"JLPDDK":0,"FGGPDK":0,"JJGPDF":0,"JNSPDL":0,"FGSGOV":999,"Skor_Risk":2,"banjir":2.0,"banjir_bandang":3.0,"gempabumi":3.0,"gunungapi":0.0,"tanahlongsor":0.0,"tsunami":3.0,"risk":3.0,"elev_m":56.58747100830078}},{"type":"Feature","geometry":{"type":"Point","coordinates":[106.55544237000004,-6.980366919999938]},"properties":{"FID":257,"NAMOBJ":"Pengadilan Agama Cibadak","LUAS":0,"FGSIBD":0,"FCODE":" ","REMARK":"Kantor Pemerintah Lainnya","SRS_ID":" ","LCODE":"GD0020","METADATA":" ","KATPDK":0,"JLPDDK":0,"FGGPDK":0,"JJGPDF":0,"JNSPDL":0,"FGSGOV":999,"Skor_Risk":2,"banjir":2.0,"banjir_bandang":3.0,"gempabumi":3.0,"gunungapi":0.0,"tanahlongsor":0.0,"tsunami":3.0,"risk":3.0,"elev_m":55.028507232666016}},{"type":"Feature","geometry":{"type":"Point","coordinates":[106.55067928600005,-6.987788600999977]},"properties":{"FID":258,"NAMOBJ":"Kantor Kesbangpol Kabupaten Sukabumi","LUAS":0,"FGSIBD":0,"FCODE":" ","REMARK":"Kantor Pemerintah Lainnya","SRS_ID":" ","LCODE":"GD0020","METADATA":" ","KATPDK":0,"JLPDDK":0,"FGGPDK":0,"JJGPDF":0,"JNSPDL":0,"FGSGOV":999,"Skor_Risk":2,"banjir":2.0,"banjir_bandang":0.0,"gempabumi":3.0,"gunungapi":0.0,"tanahlongsor":0.0,"tsunami":3.0,"risk":3.0,"elev_m":19.93143081665039}},{"type":"Feature","geometry":{"type":"Point","coordinates":[106.61965322500004,-6.885286401999963]},"properties":{"FID":259,"NAMOBJ":"Kantor Desa Mekarnangka","LUAS":0,"FGSIBD":0,"FCODE":" ","REMARK":"Kantor Kepala Desa","SRS_ID":" ","LCODE":"GD0020","METADATA":" ","KATPDK":0,"JLPDDK":0,"FGGPDK":0,"JJGPDF":0,"JNSPDL":0,"FGSGOV":10,"Skor_Risk":2,"banjir":0.0,"banjir_bandang":0.0,"gempabumi":2.0,"gunungapi":0.0,"tanahlongsor":3.0,"tsunami":0.0,"risk":3.0,"elev_m":384.07293701171875}},{"type":"Feature","geometry":{"type":"Point","coordinates":[106.60227105500007,-6.893139647999931]},"properties":{"FID":260,"NAMOBJ":"Kantor Desa Cikarae Toyibah","LUAS":0,"FGSIBD":0,"FCODE":" ","REMARK":"Kantor Kepala Desa","SRS_ID":" ","LCODE":"GD0020","METADATA":" ","KATPDK":0,"JLPDDK":0,"FGGPDK":0,"JJGPDF":0,"JNSPDL":0,"FGSGOV":10,"Skor_Risk":2,"banjir":0.0,"banjir_bandang":0.0,"gempabumi":3.0,"gunungapi":0.0,"tanahlongsor":3.0,"tsunami":0.0,"risk":3.0,"elev_m":449.09332275390625}},{"type":"Feature","geometry":{"type":"Point","coordinates":[106.40051607400005,-6.9190682119999565]},"properties":{"FID":261,"NAMOBJ":"Kantor Desa Caringin","LUAS":0,"FGSIBD":0,"FCODE":" ","REMARK":"Kantor Kepala Desa","SRS_ID":" ","LCODE":"GD0020","METADATA":" ","KATPDK":0,"JLPDDK":0,"FGGPDK":0,"JJGPDF":0,"JNSPDL":0,"FGSGOV":10,"Skor_Risk":2,"banjir":0.0,"banjir_bandang":0.0,"gempabumi":2.0,"gunungapi":0.0,"tanahlongsor":3.0,"tsunami":0.0,"risk":3.0,"elev_m":119.79203796386719}},{"type":"Feature","geometry":{"type":"Point","coordinates":[106.42769940200009,-6.95762016499998]},"properties":{"FID":262,"NAMOBJ":"Kantor Desa Pasirbaru","LUAS":0,"FGSIBD":0,"FCODE":" ","REMARK":"Kantor Kepala Desa","SRS_ID":" ","LCODE":"GD0020","METADATA":" ","KATPDK":0,"JLPDDK":0,"FGGPDK":0,"JJGPDF":0,"JNSPDL":0,"FGSGOV":10,"Skor_Risk":2,"banjir":0.0,"banjir_bandang":0.0,"gempabumi":0.0,"gunungapi":0.0,"tanahlongsor":0.0,"tsunami":0.0,"risk":1.0,"elev_m":null}},{"type":"Feature","geometry":{"type":"Point","coordinates":[106.47180941300007,-6.960405949999938]},"properties":{"FID":263,"NAMOBJ":"Kantor Desa Karangpapak","LUAS":0,"FGSIBD":0,"FCODE":" ","REMARK":"Kantor Kepala Desa","SRS_ID":" ","LCODE":"GD0020","METADATA":" ","KATPDK":0,"JLPDDK":0,"FGGPDK":0,"JJGPDF":0,"JNSPDL":0,"FGSGOV":10,"Skor_Risk":2,"banjir":0.0,"banjir_bandang":0.0,"gempabumi":0.0,"gunungapi":0.0,"tanahlongsor":0.0,"tsunami":0.0,"risk":3.0,"elev_m":8.369963645935059}},{"type":"Feature","geometry":{"type":"Point","coordinates":[106.46619614200006,-6.9363325899999495]},"properties":{"FID":264,"NAMOBJ":"Kantor Desa Wangunsari","LUAS":0,"FGSIBD":0,"FCODE":" ","REMARK":"Kantor Kepala Desa","SRS_ID":" ","LCODE":"GD0020","METADATA":" ","KATPDK":0,"JLPDDK":0,"FGGPDK":0,"JJGPDF":0,"JNSPDL":0,"FGSGOV":10,"Skor_Risk":2,"banjir":0.0,"banjir_bandang":0.0,"gempabumi":0.0,"gunungapi":0.0,"tanahlongsor":0.0,"tsunami":0.0,"risk":3.0,"elev_m":131.74290466308594}},{"type":"Feature","geometry":{"type":"Point","coordinates":[106.43756417700007,-6.915864950999946]},"properties":{"FID":265,"NAMOBJ":"Kantor Desa Gunungtanjung","LUAS":0,"FGSIBD":0,"FCODE":" ","REMARK":"Kantor Kepala Desa","SRS_ID":" ","LCODE":"GD0020","METADATA":" ","KATPDK":0,"JLPDDK":0,"FGGPDK":0,"JJGPDF":0,"JNSPDL":0,"FGSGOV":10,"Skor_Risk":2,"banjir":0.0,"banjir_bandang":0.0,"gempabumi":0.0,"gunungapi":0.0,"tanahlongsor":0.0,"tsunami":0.0,"risk":2.0,"elev_m":401.884521484375}},{"type":"Feature","geometry":{"type":"Point","coordinates":[106.44840479500004,-6.951245124999957]},"properties":{"FID":266,"NAMOBJ":"Kantor Camat Cisolok","LUAS":0,"FGSIBD":0,"FCODE":" ","REMARK":"Kantor Camat","SRS_ID":" ","LCODE":"GD0020","METADATA":" ","KATPDK":0,"JLPDDK":0,"FGGPDK":0,"JJGPDF":0,"JNSPDL":0,"FGSGOV":9,"Skor_Risk":2,"banjir":0.0,"banjir_bandang":0.0,"gempabumi":0.0,"gunungapi":0.0,"tanahlongsor":0.0,"tsunami":0.0,"risk":3.0,"elev_m":12.591422080993652}},{"type":"Feature","geometry":{"type":"Point","coordinates":[106.50708225400007,-6.950573750999979]},"properties":{"FID":267,"NAMOBJ":"Kantor Camat Cikakak","LUAS":0,"FGSIBD":0,"FCODE":" ","REMARK":"Kantor Camat","SRS_ID":" ","LCODE":"GD0020","METADATA":" ","KATPDK":0,"JLPDDK":0,"FGGPDK":0,"JJGPDF":0,"JNSPDL":0,"FGSGOV":9,"Skor_Risk":2,"banjir":0.0,"banjir_bandang":0.0,"gempabumi":0.0,"gunungapi":0.0,"tanahlongsor":0.0,"tsunami":0.0,"risk":3.0,"elev_m":74.8615951538086}},{"type":"Feature","geometry":{"type":"Point","coordinates":[106.51546066600008,-6.935915618999957]},"properties":{"FID":268,"NAMOBJ":"Kantor Desa Sukamaju","LUAS":0,"FGSIBD":0,"FCODE":" ","REMARK":"Kantor Kepala Desa","SRS_ID":" ","LCODE":"GD0020","METADATA":" ","KATPDK":0,"JLPDDK":0,"FGGPDK":0,"JJGPDF":0,"JNSPDL":0,"FGSGOV":10,"Skor_Risk":2,"banjir":0.0,"banjir_bandang":0.0,"gempabumi":0.0,"gunungapi":0.0,"tanahlongsor":0.0,"tsunami":0.0,"risk":3.0,"elev_m":245.39669799804688}},{"type":"Feature","geometry":{"type":"Point","coordinates":[106.49988682600008,-6.956013316999929]},"properties":{"FID":269,"NAMOBJ":"Kantor Desa Cikakak","LUAS":0,"FGSIBD":0,"FCODE":" ","REMARK":"Kantor Kepala Desa","SRS_ID":" ","LCODE":"GD0020","METADATA":" ","KATPDK":0,"JLPDDK":0,"FGGPDK":0,"JJGPDF":0,"JNSPDL":0,"FGSGOV":10,"Skor_Risk":2,"banjir":0.0,"banjir_bandang":0.0,"gempabumi":0.0,"gunungapi":0.0,"tanahlongsor":0.0,"tsunami":0.0,"risk":3.0,"elev_m":79.29151153564453}},{"type":"Feature","geometry":{"type":"Point","coordinates":[106.50487879000008,-6.929257507999978]},"properties":{"FID":270,"NAMOBJ":"Kantor Desa Ridogalih","LUAS":0,"FGSIBD":0,"FCODE":" ","REMARK":"Kantor Kepala Desa","SRS_ID":" ","LCODE":"GD0020","METADATA":" ","KATPDK":0,"JLPDDK":0,"FGGPDK":0,"JJGPDF":0,"JNSPDL":0,"FGSGOV":10,"Skor_Risk":2,"banjir":0.0,"banjir_bandang":0.0,"gempabumi":0.0,"gunungapi":0.0,"tanahlongsor":0.0,"tsunami":0.0,"risk":3.0,"elev_m":276.2267150878906}},{"type":"Feature","geometry":{"type":"Point","coordinates":[106.55410295700005,-6.991331109999976]},"properties":{"FID":271,"NAMOBJ":"Kantor Camat Palabuanratu","LUAS":0,"FGSIBD":0,"FCODE":" ","REMARK":"Kantor Camat","SRS_ID":" ","LCODE":"GD0020","METADATA":" ","KATPDK":0,"JLPDDK":0,"FGGPDK":0,"JJGPDF":0,"JNSPDL":0,"FGSGOV":9,"Skor_Risk":2,"banjir":2.0,"banjir_bandang":0.0,"gempabumi":3.0,"gunungapi":0.0,"tanahlongsor":0.0,"tsunami":3.0,"risk":3.0,"elev_m":18.75018310546875}},{"type":"Feature","geometry":{"type":"Point","coordinates":[106.52882046600007,-6.975959665999937]},"properties":{"FID":272,"NAMOBJ":"Kantor Desa Citepus","LUAS":0,"FGSIBD":0,"FCODE":" ","REMARK":"Kantor Kepala Desa","SRS_ID":" ","LCODE":"GD0020","METADATA":" ","KATPDK":0,"JLPDDK":0,"FGGPDK":0,"JJGPDF":0,"JNSPDL":0,"FGSGOV":10,"Skor_Risk":-9999,"banjir":0.0,"banjir_bandang":0.0,"gempabumi":0.0,"gunungapi":0.0,"tanahlongsor":0.0,"tsunami":0.0,"risk":3.0,"elev_m":8.636479377746582}},{"type":"Feature","geometry":{"type":"Point","coordinates":[106.54437325700007,-6.9497121379999385]},"properties":{"FID":273,"NAMOBJ":"Kantor Desa Cibodas","LUAS":0,"FGSIBD":0,"FCODE":" ","REMARK":"Kantor Kepala Desa","SRS_ID":" ","LCODE":"GD0020","METADATA":" ","KATPDK":0,"JLPDDK":0,"FGGPDK":0,"JJGPDF":0,"JNSPDL":0,"FGSGOV":10,"Skor_Risk":2,"banjir":3.0,"banjir_bandang":0.0,"gempabumi":3.0,"gunungapi":0.0,"tanahlongsor":0.0,"tsunami":3.0,"risk":3.0,"elev_m":269.7730712890625}},{"type":"Feature","geometry":{"type":"Point","coordinates":[106.55381385600003,-6.991485789999956]},"properties":{"FID":274,"NAMOBJ":"Kantor Lurah Palabuhanratu","LUAS":0,"FGSIBD":0,"FCODE":" ","REMARK":"Kantor Lurah","SRS_ID":" ","LCODE":"GD0020","METADATA":" ","KATPDK":0,"JLPDDK":0,"FGGPDK":0,"JJGPDF":0,"JNSPDL":0,"FGSGOV":10,"Skor_Risk":2,"banjir":2.0,"banjir_bandang":0.0,"gempabumi":3.0,"gunungapi":0.0,"tanahlongsor":0.0,"tsunami":3.0,"risk":3.0,"elev_m":17.651283264160156}},{"type":"Feature","geometry":{"type":"Point","coordinates":[106.60644660500009,-6.982492779999973]},"properties":{"FID":275,"NAMOBJ":"Kantor Desa Cikadu","LUAS":0,"FGSIBD":0,"FCODE":" ","REMARK":"Kantor Kepala Desa","SRS_ID":" ","LCODE":"GD0020","METADATA":" ","KATPDK":0,"JLPDDK":0,"FGGPDK":0,"JJGPDF":0,"JNSPDL":0,"FGSGOV":10,"Skor_Risk":2,"banjir":0.0,"banjir_bandang":0.0,"gempabumi":2.0,"gunungapi":0.0,"tanahlongsor":3.0,"tsunami":0.0,"risk":3.0,"elev_m":189.8184051513672}},{"type":"Feature","geometry":{"type":"Point","coordinates":[106.56013646000008,-6.949362081999936]},"properties":{"FID":276,"NAMOBJ":"Kantor Desa Cimanggu","LUAS":0,"FGSIBD":0,"FCODE":" ","REMARK":"Kantor Kepala Desa","SRS_ID":" ","LCODE":"GD0020","METADATA":" ","KATPDK":0,"JLPDDK":0,"FGGPDK":0,"JJGPDF":0,"JNSPDL":0,"FGSGOV":10,"Skor_Risk":2,"banjir":0.0,"banjir_bandang":0.0,"gempabumi":3.0,"gunungapi":0.0,"tanahlongsor":0.0,"tsunami":0.0,"risk":3.0,"elev_m":260.6261291503906}},{"type":"Feature","geometry":{"type":"Point","coordinates":[106.57741173000005,-6.954721417999963]},"properties":{"FID":277,"NAMOBJ":"Kantor Desa Buniwangi","LUAS":0,"FGSIBD":0,"FCODE":" ","REMARK":"Kantor Kepala Desa","SRS_ID":" ","LCODE":"GD0020","METADATA":" ","KATPDK":0,"JLPDDK":0,"FGGPDK":0,"JJGPDF":0,"JNSPDL":0,"FGSGOV":10,"Skor_Risk":2,"banjir":0.0,"banjir_bandang":0.0,"gempabumi":2.0,"gunungapi":0.0,"tanahlongsor":3.0,"tsunami":0.0,"risk":3.0,"elev_m":277.2452697753906}},{"type":"Feature","geometry":{"type":"Point","coordinates":[106.44398184200008,-6.838517106999973]},"properties":{"FID":278,"NAMOBJ":"Kantor Desa Cicadas","LUAS":0,"FGSIBD":0,"FCODE":" ","REMARK":"Kantor Kepala Desa","SRS_ID":" ","LCODE":"GD0020","METADATA":" ","KATPDK":0,"JLPDDK":0,"FGGPDK":0,"JJGPDF":0,"JNSPDL":0,"FGSGOV":10,"Skor_Risk":2,"banjir":0.0,"banjir_bandang":0.0,"gempabumi":2.0,"gunungapi":0.0,"tanahlongsor":3.0,"tsunami":0.0,"risk":3.0,"elev_m":615.45166015625}},{"type":"Feature","geometry":{"type":"Point","coordinates":[106.44883561100005,-6.836874745999978]},"properties":{"FID":279,"NAMOBJ":"Kantor Desa Sirnaresmi","LUAS":0,"FGSIBD":0,"FCODE":" ","REMARK":"Kantor Kepala Desa","SRS_ID":" ","LCODE":"GD0020","METADATA":" ","KATPDK":0,"JLPDDK":0,"FGGPDK":0,"JJGPDF":0,"JNSPDL":0,"FGSGOV":10,"Skor_Risk":2,"banjir":0.0,"banjir_bandang":0.0,"gempabumi":2.0,"gunungapi":0.0,"tanahlongsor":3.0,"tsunami":0.0,"risk":3.0,"elev_m":615.23583984375}},{"type":"Feature","geometry":{"type":"Point","coordinates":[106.46481815500005,-6.894422043999953]},"properties":{"FID":280,"NAMOBJ":"Kantor Desa Cikelat","LUAS":0,"FGSIBD":0,"FCODE":" ","REMARK":"Kantor Kepala Desa","SRS_ID":" ","LCODE":"GD0020","METADATA":" ","KATPDK":0,"JLPDDK":0,"FGGPDK":0,"JJGPDF":0,"JNSPDL":0,"FGSGOV":10,"Skor_Risk":2,"banjir":0.0,"banjir_bandang":0.0,"gempabumi":3.0,"gunungapi":0.0,"tanahlongsor":0.0,"tsunami":0.0,"risk":3.0,"elev_m":434.556640625}},{"type":"Feature","geometry":{"type":"Point","coordinates":[106.45523480900005,-7.187224712999978]},"properties":{"FID":281,"NAMOBJ":" ","LUAS":0,"FGSIBD":0,"FCODE":" ","REMARK":"Kantor Pemerintah Lainnya","SRS_ID":" ","LCODE":"GD0020","METADATA":" ","KATPDK":0,"JLPDDK":0,"FGGPDK":0,"JJGPDF":0,"JNSPDL":0,"FGSGOV":999,"Skor_Risk":2,"banjir":3.0,"banjir_bandang":0.0,"gempabumi":3.0,"gunungapi":0.0,"tanahlongsor":0.0,"tsunami":0.0,"risk":1.0,"elev_m":null}},{"type":"Feature","geometry":{"type":"Point","coordinates":[106.45296419000005,-7.220678165999971]},"properties":{"FID":282,"NAMOBJ":"Daerah Latihan Kostrad","LUAS":0,"FGSIBD":0,"FCODE":" ","REMARK":"Bangunan/Kantor Pertahanan Keamanan Lainnya","SRS_ID":" ","LCODE":"GK0020","METADATA":" ","KATPDK":0,"JLPDDK":0,"FGGPDK":0,"JJGPDF":0,"JNSPDL":0,"FGSGOV":20,"Skor_Risk":2,"banjir":0.0,"banjir_bandang":0.0,"gempabumi":3.0,"gunungapi":0.0,"tanahlongsor":2.0,"tsunami":0.0,"risk":3.0,"elev_m":26.04414939880371}},{"type":"Feature","geometry":{"type":"Point","coordinates":[106.82123051100007,-6.909970146999967]},"properties":{"FID":283,"NAMOBJ":"Kantor Dinas SosiAlCianjur","LUAS":0,"FGSIBD":0,"FCODE":" ","REMARK":"Kantor Lembaga Negara","SRS_ID":" ","LCODE":"GD0020","METADATA":" ","KATPDK":0,"JLPDDK":0,"FGGPDK":0,"JJGPDF":0,"JNSPDL":0,"FGSGOV":999,"Skor_Risk":2,"banjir":0.0,"banjir_bandang":0.0,"gempabumi":2.0,"gunungapi":0.0,"tanahlongsor":3.0,"tsunami":0.0,"risk":1.0,"elev_m":682.0185546875}},{"type":"Feature","geometry":{"type":"Point","coordinates":[106.77030422700005,-6.947749829999964]},"properties":{"FID":284,"NAMOBJ":"Batalion Resimen Artileri Medan","LUAS":0,"FGSIBD":0,"FCODE":" ","REMARK":"Instalasi TNI (AD/AL/AU)","SRS_ID":" ","LCODE":"GK0020","METADATA":" ","KATPDK":0,"JLPDDK":0,"FGGPDK":0,"JJGPDF":0,"JNSPDL":0,"FGSGOV":18,"Skor_Risk":2,"banjir":0.0,"banjir_bandang":0.0,"gempabumi":3.0,"gunungapi":0.0,"tanahlongsor":3.0,"tsunami":0.0,"risk":3.0,"elev_m":341.7905578613281}},{"type":"Feature","geometry":{"type":"Point","coordinates":[106.86752000000007,-6.905208999999957]},"properties":{"FID":285,"NAMOBJ":" ","LUAS":0,"FGSIBD":0,"FCODE":" ","REMARK":"Kantor Lembaga Negara","SRS_ID":" ","LCODE":"GD0020","METADATA":" ","KATPDK":0,"JLPDDK":0,"FGGPDK":0,"JJGPDF":0,"JNSPDL":0,"FGSGOV":999,"Skor_Risk":2,"banjir":0.0,"banjir_bandang":0.0,"gempabumi":3.0,"gunungapi":0.0,"tanahlongsor":2.0,"tsunami":0.0,"risk":3.0,"elev_m":559.7556762695312}},{"type":"Feature","geometry":{"type":"Point","coordinates":[106.68281167600009,-7.122694290999959]},"properties":{"FID":286,"NAMOBJ":"Komando Rayon Militer Lengkong","LUAS":0,"FGSIBD":0,"FCODE":" ","REMARK":"Instalasi TNI (AD/AL/AU)","SRS_ID":" ","LCODE":"GK0020","METADATA":" ","KATPDK":0,"JLPDDK":0,"FGGPDK":0,"JJGPDF":0,"JNSPDL":0,"FGSGOV":18,"Skor_Risk":2,"banjir":0.0,"banjir_bandang":0.0,"gempabumi":3.0,"gunungapi":0.0,"tanahlongsor":3.0,"tsunami":0.0,"risk":2.0,"elev_m":618.13623046875}},{"type":"Feature","geometry":{"type":"Point","coordinates":[106.68304195500008,-7.122469739999929]},"properties":{"FID":287,"NAMOBJ":"Komando Rayon Militer Lengkong","LUAS":0,"FGSIBD":0,"FCODE":" ","REMARK":"Instalasi TNI (AD/AL/AU)","SRS_ID":" ","LCODE":"GK0020","METADATA":" ","KATPDK":0,"JLPDDK":0,"FGGPDK":0,"JJGPDF":0,"JNSPDL":0,"FGSGOV":18,"Skor_Risk":2,"banjir":0.0,"banjir_bandang":0.0,"gempabumi":3.0,"gunungapi":0.0,"tanahlongsor":3.0,"tsunami":0.0,"risk":2.0,"elev_m":616.3056030273438}}]}